INDEX;OPSNAME;REGION;CITY
101000;МОСКВА;МОСКВА;
101300;МОСКВА-300;МОСКВА;
101700;УФПС Г. МОСКВЫ;МОСКВА;
101760;МОСКВА МСП-3 УЧ. НЕРОЗДАННЫХ ПО;МОСКВА;
101764;МОСКВА-КАЗАНСКИЙ ВОКЗАЛ ПЖДП ЦЕХ-4 УЧ-4;МОСКВА;
101790;"МОСКВА ПКФ ""ПОЧТА-СЕРВИС""";МОСКВА;
101976;МОСКВА МСП-3 ЦЕХ-3 УЧ. ТАРЫ;МОСКВА;
101990;МОСКВА ГСП-8;МОСКВА;
102000;МОСКВА-КАЗАНСКИЙ ВОКЗАЛ ПЖДП;МОСКВА;
102001;МОСКВА-КАЗАНСКИЙ ВОКЗАЛ ПЖДП-1;МОСКВА;
102002;МОСКВА-КАЗАНСКИЙ ВОКЗАЛ ПЖДП ЦЕХ-1;МОСКВА;
102004;МОСКВА-КАЗАНСКИЙ ВОКЗАЛ ПЖДП ЦЕХ-3;МОСКВА;
102006;МОСКВА-КАЗАНСКИЙ ВОКЗАЛ ПЖДП ЦЕХ-4;МОСКВА;
102007;МОСКВА-КАЗАНСКИЙ ВОКЗАЛ ПЖДП ЦЕХ-5;МОСКВА;
102010;МОСКВА-КАЗАНСКИЙ ВОКЗАЛ ПЖДП ЦЕХ-5 УЧ-5.5;МОСКВА;
102011;МОСКВА-КАЗАНСКИЙ ВОКЗАЛ ПЖДП ЦЕХ-3 УТК ВСПО;МОСКВА;
102015;МОСКВА-КАЗАНСКИЙ ВОКЗАЛ ПЖДП ЦЕХ-4 ОБРАБ. ППИ;МОСКВА;
102024;МОСКВА-КАЗАНСКИЙ ВОКЗАЛ ПЖДП ЦЕХ-9 УЧ-9.3;МОСКВА;
102026;МОСКВА-КАЗАНСКИЙ ВОКЗАЛ ПЖДП ЦЕХ-3 УЧ-3.3;МОСКВА;
102028;МОСКВА-КАЗАНСКИЙ ВОКЗАЛ ПЖДП ЦЕХ-3 УО ВСПО;МОСКВА;
102100;МОСКВА-ЯРОСЛАВСКИЙ ВОКЗАЛ ПЖДП;МОСКВА;
102101;МОСКВА-ЯРОСЛАВСКИЙ ВОКЗАЛ ПЖДП-1;МОСКВА;
102102;МОСКВА-ЯРОСЛАВСКИЙ ВОКЗАЛ ПЖДП ЦЕХ-1;МОСКВА;
102103;МОСКВА-ЯРОСЛАВСКИЙ ВОКЗАЛ ПЖДП ЦЕХ 3;МОСКВА;
102104;МОСКВА-ЯРОСЛАВСКИЙ ВОКЗАЛ ПЖДП ЦЕХ-3 УЧ-3.1;МОСКВА;
102105;МОСКВА-ЯРОСЛАВСКИЙ ВОКЗАЛ ПЖДП ЦЕХ-3 УЧ-3.2;МОСКВА;
102106;МОСКВА-ЯРОСЛАВСКИЙ ВОКЗАЛ ПЖДП ЦЕХ-3 УЧ-3.3;МОСКВА;
102107;МОСКВА-ЯРОСЛАВСКИЙ ВОКЗАЛ ПЖДП ЦЕХ-3 УЧ-3.4;МОСКВА;
102150;МОСКВА-ПАВЕЛЕЦКИЙ ВОКЗАЛ ПЖДП;МОСКВА;
102151;МОСКВА-ПАВЕЛЕЦКИЙ ВОКЗАЛ ПЖДП-1;МОСКВА;
102152;МОСКВА-ПАВЕЛЕЦКИЙ ВОКЗАЛ ПЖДП ЦЕХ- 1;МОСКВА;
102153;МОСКВА-ПАВЕЛЕЦКИЙ ВОКЗАЛ ПЖДП ЦЕХ-3;МОСКВА;
102160;МОСКВА-ПАВЕЛЕЦКИЙ ВОКЗАЛ УОПП;МОСКВА;
102161;МОСКВА-ПАВЕЛЕЦКИЙ ВОКЗАЛ УОПП УЧ. ТАРЫ;МОСКВА;
102162;МОСКВА-ПАВЕЛЕЦКИЙ ВОКЗАЛ ПЖДП PI-Z;МОСКВА;
102220;МОСКВА-КИЕВСКИЙ ВОКЗАЛ ОПП;МОСКВА;
102221;МОСКВА-ЯРОСЛАВСКИЙ ВОКЗАЛ ПЖДП ЦЕХ-4;МОСКВА;
102240;МОСКВА-БЕЛОРУССКИЙ ВОКЗАЛ ОПП;МОСКВА;
102241;МОСКВА-БЕЛОРУССКИЙ ВОКЗАЛ ОПП-1;МОСКВА;
102300;МОСКВА-ВНУКОВО АОПП;МОСКВА;
102301;МОСКВА-ВНУКОВО АОПП-1;МОСКВА;
102302;МОСКВА-ВНУКОВО АОПП ЦЕХ-1;МОСКВА;
102892;МОСКВА-КАЗАНСКИЙ ВОКЗАЛ ПЖДП ЦЕХ-9 УЧ. ТАРЫ;МОСКВА;
102895;МОСКВА-ЯРОСЛАВСКИЙ ВОКЗАЛ ПЖДП ЦЕХ-4 УЧ. ТАРЫ;МОСКВА;
102896;МОСКВА-БЕЛОРУССКИЙ ВОКЗАЛ ОПП УЧ. ТАРЫ;МОСКВА;
102897;МОСКВА-ВНУКОВО АОПП УЧ. ТАРЫ;МОСКВА;
102900;МОСКВА-КАЗАНСКИЙ ВКЗ. ПЖДП ММПО;МОСКВА;
102901;МОСКВА-КАЗАНСКИЙ ВКЗ. ПЖДП ММПО PI-30;МОСКВА;
102902;МОСКВА-КАЗАНСКИЙ ВКЗ. ПЖДП ММПО ЦЕХ ОБМЕНА;МОСКВА;
102903;МОСКВА-КАЗАНСКИЙ ВКЗ. ПЖДП ММПО EMS;МОСКВА;
102904;МОСКВА-КАЗАНСКИЙ ВОКЗАЛ ПЖДП ММПО УТК;МОСКВА;
105203;МОСКВА 203;МОСКВА;
102980;МОСКВА-ВНУКОВО АОПП ММПО;МОСКВА;
102986;МОСКВА-ВНУКОВО АОПП ММПО PI-6;МОСКВА;
102987;МОСКВА-ВНУКОВО АОПП ММПО PI-EMS;МОСКВА;
102988;МОСКВА-ВНУКОВО АОПП ММПО PI-3;МОСКВА;
103070;МОСКВА 70;МОСКВА;
103132;МОСКВА 132;МОСКВА;
103265;МОСКВА 265;МОСКВА;
103274;МОСКВА 274;МОСКВА;
103400;МОСКВА-400;МОСКВА;
103426;МОСКВА 426;МОСКВА;
103500;МОСКВА-500;МОСКВА;
104000;МОСКВА ММПО;МОСКВА;
104001;МОСКВА PCI-1;МОСКВА;
104002;МОСКВА PCI-2;МОСКВА;
104003;МОСКВА PCI-3;МОСКВА;
104004;МОСКВА PCI-4;МОСКВА;
104005;МОСКВА SV;МОСКВА;
104006;МОСКВА PCI-6;МОСКВА;
104008;МОСКВА PCI-2 ВОЗВРАТ;МОСКВА;
104010;МОСКВА EMS;МОСКВА;
104011;МОСКВА PCI-1 SURFACE;МОСКВА;
104012;МОСКВА PCI-E;МОСКВА;
104015;МОСКВА PCI-15;МОСКВА;
104050;МОСКВА-ДОМОДЕДОВО ТЕРМИНАЛ;МОСКВА;
104051;МОСКВА-ВНУКОВО ТЕРМИНАЛ;МОСКВА;
105005;МОСКВА 5;МОСКВА;
105037;МОСКВА 37;МОСКВА;
105043;МОСКВА 43;МОСКВА;
105062;МОСКВА 62;МОСКВА;
105064;МОСКВА 64;МОСКВА;
105066;МОСКВА 66;МОСКВА;
105077;МОСКВА 77;МОСКВА;
105082;МОСКВА 82;МОСКВА;
105094;МОСКВА 94;МОСКВА;
105111;МОСКВА 111;МОСКВА;
105118;МОСКВА 118;МОСКВА;
105120;МОСКВА 120;МОСКВА;
105122;МОСКВА 122;МОСКВА;
105173;МОСКВА 173;МОСКВА;
105175;МОСКВА 175;МОСКВА;
105187;МОСКВА 187;МОСКВА;
105215;МОСКВА 215;МОСКВА;
105229;МОСКВА 229;МОСКВА;
105264;МОСКВА 264;МОСКВА;
105275;МОСКВА 275;МОСКВА;
105318;МОСКВА 318;МОСКВА;
105425;МОСКВА 425;МОСКВА;
105484;МОСКВА 484;МОСКВА;
105523;МОСКВА 523;МОСКВА;
105554;МОСКВА 554;МОСКВА;
105568;МОСКВА 568;МОСКВА;
105613;МОСКВА 613;МОСКВА;
105679;МОСКВА 679;МОСКВА;
105950;МОСКВА МРП-1;МОСКВА;
105976;МОСКВА МРП-1 УЧ. ТАРЫ;МОСКВА;
105980;МОСКВА МРП-1 EMS;МОСКВА;
106000;МОСКВА-ГЛАВНЫЙ ПУНКТ ЕСПП;МОСКВА;
107013;МОСКВА 13;МОСКВА;
107014;МОСКВА 14;МОСКВА;
107016;МОСКВА 16;МОСКВА;
107023;МОСКВА 23;МОСКВА;
107031;МОСКВА 31;МОСКВА;
107045;МОСКВА 45;МОСКВА;
107053;МОСКВА 53;МОСКВА;
107061;МОСКВА 61;МОСКВА;
107065;МОСКВА 65;МОСКВА;
107076;МОСКВА 76;МОСКВА;
107078;МОСКВА 78;МОСКВА;
107113;МОСКВА 113;МОСКВА;
107139;МОСКВА 139;МОСКВА;
107140;МОСКВА 140;МОСКВА;
107143;МОСКВА 143;МОСКВА;
107150;МОСКВА 150;МОСКВА;
107174;МОСКВА 174;МОСКВА;
107199;МОСКВА 199;МОСКВА;
107207;МОСКВА 207;МОСКВА;
107217;МОСКВА 217;МОСКВА;
107228;МОСКВА 228;МОСКВА;
107241;МОСКВА 241;МОСКВА;
107258;МОСКВА 258;МОСКВА;
107370;МОСКВА 370;МОСКВА;
107392;МОСКВА 392;МОСКВА;
107450;МОСКВА 450;МОСКВА;
107497;МОСКВА 497;МОСКВА;
107553;МОСКВА 553;МОСКВА;
107564;МОСКВА 564;МОСКВА;
107589;МОСКВА 589;МОСКВА;
107996;МОСКВА ГСП-6;МОСКВА;
108000;МОСКВА МСПЦ;МОСКВА;
108818;ВАТУТИНКИ;МОСКВА;
109145;МОСКВА 145;МОСКВА;
109004;МОСКВА 4;МОСКВА;
109012;МОСКВА 12;МОСКВА;
109028;МОСКВА 28;МОСКВА;
109029;МОСКВА 29;МОСКВА;
109044;МОСКВА 44;МОСКВА;
109052;МОСКВА 52;МОСКВА;
109074;МОСКВА 74;МОСКВА;
109089;МОСКВА 89;МОСКВА;
109097;МОСКВА 97;МОСКВА;
109117;МОСКВА 117;МОСКВА;
109125;МОСКВА 125;МОСКВА;
109129;МОСКВА 129;МОСКВА;
109144;МОСКВА 144;МОСКВА;
109147;МОСКВА 147;МОСКВА;
109153;МОСКВА 153;МОСКВА;
109156;МОСКВА 156;МОСКВА;
109189;МОСКВА 189;МОСКВА;
109202;МОСКВА 202;МОСКВА;
109235;МОСКВА 235;МОСКВА;
109240;МОСКВА 240;МОСКВА;
109263;МОСКВА 263;МОСКВА;
109289;МОСКВА 289;МОСКВА;
109316;МОСКВА 316;МОСКВА;
109341;МОСКВА 341;МОСКВА;
109369;МОСКВА 369;МОСКВА;
109377;МОСКВА 377;МОСКВА;
109378;МОСКВА 378;МОСКВА;
109380;МОСКВА 380;МОСКВА;
109382;МОСКВА 382;МОСКВА;
109383;МОСКВА 383;МОСКВА;
109384;МОСКВА 384;МОСКВА;
109386;МОСКВА 386;МОСКВА;
109387;МОСКВА 387;МОСКВА;
109388;МОСКВА 388;МОСКВА;
109389;МОСКВА 389;МОСКВА;
109390;МОСКВА 390;МОСКВА;
109391;МОСКВА 391;МОСКВА;
109417;МОСКВА 417;МОСКВА;
109428;МОСКВА 428;МОСКВА;
109429;МОСКВА 429;МОСКВА;
109431;МОСКВА 431;МОСКВА;
109439;МОСКВА 439;МОСКВА;
109443;МОСКВА 443;МОСКВА;
109444;МОСКВА 444;МОСКВА;
109451;МОСКВА 451;МОСКВА;
109456;МОСКВА 456;МОСКВА;
109457;МОСКВА 457;МОСКВА;
109462;МОСКВА 462;МОСКВА;
109469;МОСКВА 469;МОСКВА;
109472;МОСКВА 472;МОСКВА;
109507;МОСКВА 507;МОСКВА;
109518;МОСКВА 518;МОСКВА;
109542;МОСКВА 542;МОСКВА;
109544;МОСКВА 544;МОСКВА;
109548;МОСКВА 548;МОСКВА;
109559;МОСКВА 559;МОСКВА;
109649;МОСКВА 649;МОСКВА;
109651;МОСКВА 651;МОСКВА;
109652;МОСКВА 652;МОСКВА;
109950;МОСКВА МРП-9;МОСКВА;
109976;МОСКВА МРП-9 УЧ. ТАРЫ;МОСКВА;
109980;МОСКВА МРП-9  EMS;МОСКВА;
109992;МОСКВА ГСП-2;МОСКВА;
111020;МОСКВА 20;МОСКВА;
111024;МОСКВА 24;МОСКВА;
111033;МОСКВА 33;МОСКВА;
111109;МОСКВА 109;МОСКВА;
111116;МОСКВА 116;МОСКВА;
111123;МОСКВА 123;МОСКВА;
111141;МОСКВА 141;МОСКВА;
111250;МОСКВА 250;МОСКВА;
111394;МОСКВА 394;МОСКВА;
111395;МОСКВА 395;МОСКВА;
111396;МОСКВА 396;МОСКВА;
111397;МОСКВА 397;МОСКВА;
111398;МОСКВА 398;МОСКВА;
111399;МОСКВА 399;МОСКВА;
111401;МОСКВА 401;МОСКВА;
111402;МОСКВА 402;МОСКВА;
111524;МОСКВА 524;МОСКВА;
111531;МОСКВА 531;МОСКВА;
111537;МОСКВА 537;МОСКВА;
111538;МОСКВА 538;МОСКВА;
111539;МОСКВА 539;МОСКВА;
111555;МОСКВА 555;МОСКВА;
111558;МОСКВА 558;МОСКВА;
111578;МОСКВА 578;МОСКВА;
111621;МОСКВА 621;МОСКВА;
111622;МОСКВА 622;МОСКВА;
111625;МОСКВА 625;МОСКВА;
111672;МОСКВА 672;МОСКВА;
111673;МОСКВА 673;МОСКВА;
111674;МОСКВА 674;МОСКВА;
111675;МОСКВА 675;МОСКВА;
111677;МОСКВА;МОСКВА;
111901;МОСКВА МСП-3 УЧ-1;МОСКВА;
111902;МОСКВА МСП-3 УЧ-2;МОСКВА;
111903;МОСКВА МСП-3 УЧ-3;МОСКВА;
111904;МОСКВА МСП-3 УЧ-4;МОСКВА;
111905;МОСКВА МСП-3 УЧ-5;МОСКВА;
111906;МОСКВА МСП-3 УЧ-6;МОСКВА;
111907;МОСКВА МСП-3 УЧ-7;МОСКВА;
111908;МОСКВА МСП-3 УЧ-8;МОСКВА;
111909;МОСКВА МСП-3 УЧ-9;МОСКВА;
111910;МОСКВА МСП-3 УЧ-10;МОСКВА;
111911;МОСКВА МСП-3 УЧ-11;МОСКВА;
111912;МОСКВА МСП-3 УЧ-12;МОСКВА;
111913;МОСКВА МСП-3 УЧ-13;МОСКВА;
111914;МОСКВА МСП-3 УЧ-14;МОСКВА;
111915;МОСКВА МСП-3 УЧ-15;МОСКВА;
111916;МОСКВА МСП-3 УЧ-16;МОСКВА;
111917;МОСКВА МСП-3 УЧ-17;МОСКВА;
111918;МОСКВА МСП-3 УЧ-18;МОСКВА;
111919;МОСКВА МСП-3 УЧ-19;МОСКВА;
111920;МОСКВА МСП-3 УЧ-20;МОСКВА;
111921;МОСКВА МСП-3 УЧ-21;МОСКВА;
111922;МОСКВА МСП-3 УЧ-22;МОСКВА;
111923;МОСКВА МСП-3 УЧ-23;МОСКВА;
111924;МОСКВА МСП-3 УЧ-24;МОСКВА;
111925;МОСКВА МСП-3 УЧ-25;МОСКВА;
111926;МОСКВА МСП-3 УЧ-26;МОСКВА;
111927;МОСКВА МСП-3 УЧ-27;МОСКВА;
111928;МОСКВА МСП-3 УЧ-28;МОСКВА;
111929;МОСКВА МСП-3 УЧ-29;МОСКВА;
111930;МОСКВА МСП-3 УЧ-30;МОСКВА;
111931;МОСКВА МСП-3 УЧ-31;МОСКВА;
111932;МОСКВА МСП-3 УЧ-32;МОСКВА;
111933;МОСКВА МСП-3 УЧ-33;МОСКВА;
111934;МОСКВА МСП-3 УЧ-34;МОСКВА;
111935;МОСКВА МСП-3 УЧ-35;МОСКВА;
111936;МОСКВА МСП-3 УЧ-36;МОСКВА;
111937;МОСКВА МСП-3 УЧ-37;МОСКВА;
111938;МОСКВА МСП-3 УЧ-38;МОСКВА;
111939;МОСКВА МСП-3 УЧ-39;МОСКВА;
111940;МОСКВА МСП-3 УЧ-40;МОСКВА;
111941;МОСКВА МСП-3 УЧ-41;МОСКВА;
111942;МОСКВА МСП-3 УЧ-42;МОСКВА;
115172;МОСКВА 172;МОСКВА;
111943;МОСКВА МСП-3 УЧ-43;МОСКВА;
111944;МОСКВА МСП-3 УЧ-44;МОСКВА;
111945;МОСКВА МСП-3 УЧ-45;МОСКВА;
111946;МОСКВА МСП-3 УЧ-46;МОСКВА;
111947;МОСКВА МСП-3 ЦЕХ-3 МПКО-ВНУКОВО УЧ-1.1;МОСКВА;
111948;МОСКВА МСП-3 МПКО-СЕВЕР УЧ-1.3;МОСКВА;
111949;МОСКВА МСП-3 МПКО-СЕВЕР УЧ-1.4;МОСКВА;
111950;МОСКВА МСП-3 ЦЕХ-1 МПКО-СЕВЕР;МОСКВА;
111951;МОСКВА МСП-3 МПКО-СЕВЕР УЧ-2.3;МОСКВА;
111953;МОСКВА МСП-3 МПКО-ЦЕНТР УЧ-2;МОСКВА;
111954;МОСКВА МСП-3 МПКО-ЦЕНТР УЧ-3;МОСКВА;
111955;МОСКВА МСП-3 ЦЕХ-3 МПКО-ВНУКОВО УЧ-1.9;МОСКВА;
111956;МОСКВА МСП-3 УЧ-56;МОСКВА;
111957;МОСКВА МСП-3 МПКО-ЦЕНТР УОМПО;МОСКВА;
111958;МОСКВА МСП-3 МПКО-СЕВЕР УЧ. ОБР. МЕСТН. КОРР.;МОСКВА;
111961;МОСКВА МСП-3 МПКО-ЦЕНТР VRT1-СМ;МОСКВА;
111962;МОСКВА МСП-3 УЧ-62;МОСКВА;
111963;МОСКВА МСП-3 УЧ-63;МОСКВА;
111964;МОСКВА МСП-3 УЧ-64;МОСКВА;
111968;МОСКВА МСП-3 МПКО-ВОСТОК УЧ. ОБР. МЕСТН. КОРР.;МОСКВА;
111969;МОСКВА МСП-3 УЧ-69;МОСКВА;
111971;МОСКВА МСП-3 ЦЕХ-3 МПКО-ВНУКОВО УЧ-1.4;МОСКВА;
111972;МОСКВА МСП-3 МПКО-ВОСТОК УЧ-2.1;МОСКВА;
111973;МОСКВА МСП-3 МПКО-ВОСТОК УЧ-5;МОСКВА;
111974;МОСКВА МСП-3 ЦЕХ-4 МПКО-ВОСТОК;МОСКВА;
111981;МОСКВА МСП-3 МПКО-ВОСТОК УЧ-1.1;МОСКВА;
111989;МОСКВА МСП-3 МПКО-ВОСТОК УЧ-1.9;МОСКВА;
115035;МОСКВА 35;МОСКВА;
115054;МОСКВА 54;МОСКВА;
115068;МОСКВА 68;МОСКВА;
115088;МОСКВА 88;МОСКВА;
115093;МОСКВА 93;МОСКВА;
115095;МОСКВА 95;МОСКВА;
115114;МОСКВА 114;МОСКВА;
115127;МОСКВА ЦМП;МОСКВА;
115138;МОСКВА 138;МОСКВА;
115142;МОСКВА 142;МОСКВА;
115162;МОСКВА 162;МОСКВА;
115184;МОСКВА 184;МОСКВА;
115191;МОСКВА 191;МОСКВА;
115193;МОСКВА 193;МОСКВА;
115201;МОСКВА 201;МОСКВА;
115211;МОСКВА 211;МОСКВА;
115225;МОСКВА 225;МОСКВА;
115230;МОСКВА 230;МОСКВА;
115280;МОСКВА 280;МОСКВА;
115304;МОСКВА 304;МОСКВА;
115324;МОСКВА 324;МОСКВА;
115326;МОСКВА 326;МОСКВА;
115372;МОСКВА 372;МОСКВА;
115404;МОСКВА 404;МОСКВА;
115407;МОСКВА 407;МОСКВА;
115408;МОСКВА 408;МОСКВА;
115409;МОСКВА 409;МОСКВА;
115419;МОСКВА 419;МОСКВА;
115432;МОСКВА 432;МОСКВА;
115446;МОСКВА 446;МОСКВА;
115455;МОСКВА 455;МОСКВА;
115470;МОСКВА 470;МОСКВА;
115477;МОСКВА 477;МОСКВА;
115478;МОСКВА 478;МОСКВА;
115487;МОСКВА 487;МОСКВА;
115516;МОСКВА 516;МОСКВА;
115522;МОСКВА 522;МОСКВА;
115533;МОСКВА 533;МОСКВА;
115547;МОСКВА 547;МОСКВА;
115551;МОСКВА 551;МОСКВА;
115561;МОСКВА 561;МОСКВА;
115563;МОСКВА 563;МОСКВА;
115569;МОСКВА 569;МОСКВА;
115573;МОСКВА 573;МОСКВА;
115580;МОСКВА 580;МОСКВА;
115582;МОСКВА 582;МОСКВА;
115583;МОСКВА 583;МОСКВА;
115597;МОСКВА 597;МОСКВА;
115598;МОСКВА 598;МОСКВА;
115612;МОСКВА 612;МОСКВА;
115682;МОСКВА 682;МОСКВА;
115976;МОСКВА МРП-7 УЧ. ТАРЫ;МОСКВА;
117036;МОСКВА 36;МОСКВА;
117041;МОСКВА 41;МОСКВА;
117042;МОСКВА 42;МОСКВА;
117105;МОСКВА 105;МОСКВА;
117133;МОСКВА 133;МОСКВА;
117148;МОСКВА 148;МОСКВА;
117149;МОСКВА 149;МОСКВА;
117152;МОСКВА 152;МОСКВА;
117168;МОСКВА 168;МОСКВА;
117186;МОСКВА 186;МОСКВА;
117198;МОСКВА 198;МОСКВА;
117208;МОСКВА 208;МОСКВА;
117209;МОСКВА 209;МОСКВА;
117216;МОСКВА 216;МОСКВА;
117218;МОСКВА 218;МОСКВА;
117246;МОСКВА 246;МОСКВА;
117279;МОСКВА 279;МОСКВА;
117292;МОСКВА 292;МОСКВА;
117303;МОСКВА 303;МОСКВА;
117312;МОСКВА 312;МОСКВА;
117321;МОСКВА 321;МОСКВА;
117335;МОСКВА 335;МОСКВА;
117342;МОСКВА 342;МОСКВА;
117393;МОСКВА 393;МОСКВА;
117403;МОСКВА 403;МОСКВА;
117405;МОСКВА 405;МОСКВА;
117418;МОСКВА 418;МОСКВА;
117420;МОСКВА 420;МОСКВА;
117437;МОСКВА 437;МОСКВА;
117447;МОСКВА 447;МОСКВА;
117449;МОСКВА 449;МОСКВА;
117452;МОСКВА 452;МОСКВА;
117461;МОСКВА 461;МОСКВА;
117463;МОСКВА 463;МОСКВА;
117465;МОСКВА 465;МОСКВА;
117485;МОСКВА 485;МОСКВА;
117513;МОСКВА 513;МОСКВА;
117519;МОСКВА 519;МОСКВА;
117525;МОСКВА 525;МОСКВА;
117534;МОСКВА 534;МОСКВА;
117535;МОСКВА 535;МОСКВА;
117545;МОСКВА 545;МОСКВА;
117546;МОСКВА 546;МОСКВА;
117556;МОСКВА 556;МОСКВА;
117570;МОСКВА 570;МОСКВА;
117574;МОСКВА 574;МОСКВА;
117587;МОСКВА 587;МОСКВА;
117588;МОСКВА 588;МОСКВА;
117593;МОСКВА 593;МОСКВА;
117623;МОСКВА 623;МОСКВА;
117624;МОСКВА 624;МОСКВА;
117628;МОСКВА 628;МОСКВА;
117630;МОСКВА 630;МОСКВА;
117632;МОСКВА 632;МОСКВА;
117638;МОСКВА 638;МОСКВА;
117639;МОСКВА 639;МОСКВА;
117647;МОСКВА 647;МОСКВА;
117648;МОСКВА 648;МОСКВА;
117676;МОСКВА 676;МОСКВА;
117950;МОСКВА МРП-7;МОСКВА;
117997;МОСКВА ГСП-7;МОСКВА;
117998;МОСКВА ГСП-9;МОСКВА;
119002;МОСКВА 2;МОСКВА;
119017;МОСКВА 17;МОСКВА;
119019;МОСКВА 19;МОСКВА;
119021;МОСКВА 21;МОСКВА;
119027;МОСКВА 27;МОСКВА;
119034;МОСКВА 34;МОСКВА;
119048;МОСКВА 48;МОСКВА;
119049;МОСКВА 49;МОСКВА;
119071;МОСКВА 71;МОСКВА;
119072;МОСКВА 72;МОСКВА;
119119;МОСКВА 119;МОСКВА;
119121;МОСКВА 121;МОСКВА;
119134;МОСКВА 134;МОСКВА;
119136;МОСКВА 136;МОСКВА;
119146;МОСКВА 146;МОСКВА;
119160;МОСКВА 160;МОСКВА;
119180;МОСКВА 180;МОСКВА;
119192;МОСКВА 192;МОСКВА;
119200;МОСКВА 200;МОСКВА;
119234;МОСКВА 234;МОСКВА;
119261;МОСКВА 261;МОСКВА;
119270;МОСКВА 270;МОСКВА;
119285;МОСКВА 285;МОСКВА;
119295;МОСКВА 295;МОСКВА;
119296;МОСКВА 296;МОСКВА;
119297;МОСКВА 297;МОСКВА;
119311;МОСКВА 311;МОСКВА;
119313;МОСКВА 313;МОСКВА;
119330;МОСКВА 330;МОСКВА;
119331;МОСКВА 331;МОСКВА;
119333;МОСКВА 333;МОСКВА;
119334;МОСКВА 334;МОСКВА;
119361;МОСКВА 361;МОСКВА;
119415;МОСКВА 415;МОСКВА;
119421;МОСКВА 421;МОСКВА;
119435;МОСКВА 435;МОСКВА;
119454;МОСКВА 454;МОСКВА;
119501;МОСКВА 501;МОСКВА;
119517;МОСКВА 517;МОСКВА;
119526;МОСКВА 526;МОСКВА;
119530;МОСКВА 530;МОСКВА;
119571;МОСКВА 571;МОСКВА;
119590;МОСКВА 590;МОСКВА;
119601;МОСКВА;МОСКВА;
119602;МОСКВА 602;МОСКВА;
119606;МОСКВА 606;МОСКВА;
119607;МОСКВА 607;МОСКВА;
119618;МОСКВА 618;МОСКВА;
119619;МОСКВА 619;МОСКВА;
119620;МОСКВА 620;МОСКВА;
119633;МОСКВА 633;МОСКВА;
119634;МОСКВА 634;МОСКВА;
119950;МОСКВА МРП-6;МОСКВА;
119991;МОСКВА ГСП-1;МОСКВА;
121059;МОСКВА 59;МОСКВА;
121069;МОСКВА 69;МОСКВА;
121087;МОСКВА 87;МОСКВА;
121096;МОСКВА 96;МОСКВА;
121099;МОСКВА 99;МОСКВА;
121107;МОСКВА 107;МОСКВА;
121108;МОСКВА 108;МОСКВА;
121151;МОСКВА 151;МОСКВА;
121165;МОСКВА 165;МОСКВА;
121170;МОСКВА 170;МОСКВА;
121205;МОСКВА 205;МОСКВА;
121248;МОСКВА 248;МОСКВА;
121260;МОСКВА 260;МОСКВА;
121293;МОСКВА 293;МОСКВА;
121309;МОСКВА 309;МОСКВА;
121351;МОСКВА 351;МОСКВА;
121352;МОСКВА 352;МОСКВА;
121353;МОСКВА 353;МОСКВА;
121354;МОСКВА 354;МОСКВА;
121355;МОСКВА 355;МОСКВА;
121357;МОСКВА 357;МОСКВА;
121359;МОСКВА 359;МОСКВА;
121374;МОСКВА 374;МОСКВА;
121433;МОСКВА 433;МОСКВА;
121467;МОСКВА 467;МОСКВА;
121471;МОСКВА 471;МОСКВА;
121500;МОСКВА 500;МОСКВА;
121552;МОСКВА 552;МОСКВА;
121596;МОСКВА 596;МОСКВА;
121601;МОСКВА 601;МОСКВА;
121609;МОСКВА 609;МОСКВА;
121614;МОСКВА 614;МОСКВА;
121615;МОСКВА 615;МОСКВА;
123001;МОСКВА 1;МОСКВА;
123007;МОСКВА 7;МОСКВА;
123022;МОСКВА 22;МОСКВА;
123056;МОСКВА 56;МОСКВА;
123060;МОСКВА 60;МОСКВА;
123098;МОСКВА 98;МОСКВА;
123100;МОСКВА 100;МОСКВА;
123102;МОСКВА 102;МОСКВА;
123103;МОСКВА 103;МОСКВА;
123104;МОСКВА 104;МОСКВА;
123112;МОСКВА 112;МОСКВА;
123154;МОСКВА 154;МОСКВА;
123181;МОСКВА 181;МОСКВА;
123182;МОСКВА 182;МОСКВА;
123242;МОСКВА 242;МОСКВА;
123290;МОСКВА 290;МОСКВА;
123298;МОСКВА 298;МОСКВА;
123308;МОСКВА 308;МОСКВА;
123317;МОСКВА 317;МОСКВА;
123376;МОСКВА 376;МОСКВА;
123423;МОСКВА 423;МОСКВА;
123436;МОСКВА 436;МОСКВА;
123458;МОСКВА 458;МОСКВА;
123557;МОСКВА 557;МОСКВА;
123592;МОСКВА 592;МОСКВА;
123610;МОСКВА 610;МОСКВА;
125008;МОСКВА 8;МОСКВА;
125009;МОСКВА 9;МОСКВА;
125026;МОСКВА 26;МОСКВА;
125032;МОСКВА 32;МОСКВА;
125039;МОСКВА 39;МОСКВА;
125040;МОСКВА 40;МОСКВА;
125047;МОСКВА 47;МОСКВА;
125057;МОСКВА 57;МОСКВА;
125080;МОСКВА 80;МОСКВА;
125124;МОСКВА 124;МОСКВА;
125130;МОСКВА 130;МОСКВА;
125167;МОСКВА 167;МОСКВА;
125171;МОСКВА 171;МОСКВА;
125183;МОСКВА 183;МОСКВА;
125190;МОСКВА 190;МОСКВА;
125195;МОСКВА 195;МОСКВА;
125196;МОСКВА 196;МОСКВА;
125212;МОСКВА 212;МОСКВА;
125222;МОСКВА 222;МОСКВА;
125239;МОСКВА 239;МОСКВА;
125252;МОСКВА 252;МОСКВА;
125284;МОСКВА 284;МОСКВА;
125310;МОСКВА 310;МОСКВА;
125315;МОСКВА 315;МОСКВА;
125319;МОСКВА 319;МОСКВА;
125320;МОСКВА 320;МОСКВА;
125362;МОСКВА 362;МОСКВА;
125363;МОСКВА 363;МОСКВА;
125364;МОСКВА 364;МОСКВА;
125367;МОСКВА 367;МОСКВА;
125368;МОСКВА 368;МОСКВА;
125371;МОСКВА 371;МОСКВА;
125373;МОСКВА 373;МОСКВА;
125375;МОСКВА 375;МОСКВА;
125412;МОСКВА 412;МОСКВА;
125413;МОСКВА 413;МОСКВА;
125414;МОСКВА 414;МОСКВА;
125424;МОСКВА 424;МОСКВА;
125430;МОСКВА 430;МОСКВА;
125438;МОСКВА 438;МОСКВА;
125445;МОСКВА 445;МОСКВА;
125459;МОСКВА 459;МОСКВА;
125464;МОСКВА 464;МОСКВА;
125466;МОСКВА 466;МОСКВА;
125468;МОСКВА 468;МОСКВА;
125475;МОСКВА 475;МОСКВА;
125476;МОСКВА 476;МОСКВА;
125480;МОСКВА 480;МОСКВА;
125481;МОСКВА 481;МОСКВА;
125493;МОСКВА 493;МОСКВА;
125499;МОСКВА 499;МОСКВА;
125502;МОСКВА 502;МОСКВА;
125504;МОСКВА 504;МОСКВА;
125565;МОСКВА 565;МОСКВА;
125581;МОСКВА 581;МОСКВА;
125599;МОСКВА 599;МОСКВА;
125627;МОСКВА 627;МОСКВА;
125635;МОСКВА 635;МОСКВА;
125950;МОСКВА МРП-4;МОСКВА;
125976;МОСКВА МРП-4 УЧ. ТАРЫ;МОСКВА;
125993;МОСКВА ГСП-3;МОСКВА;
127006;МОСКВА 6;МОСКВА;
127015;МОСКВА 15;МОСКВА;
127018;МОСКВА 18;МОСКВА;
127025;МОСКВА 25;МОСКВА;
127030;МОСКВА 30;МОСКВА;
127051;МОСКВА 51;МОСКВА;
127055;МОСКВА 55;МОСКВА;
127081;МОСКВА 81;МОСКВА;
127083;МОСКВА 83;МОСКВА;
127091;МОСКВА 91;МОСКВА;
127092;МОСКВА 92;МОСКВА;
127106;МОСКВА 106;МОСКВА;
127137;МОСКВА 137;МОСКВА;
127185;МОСКВА 185;МОСКВА;
127204;МОСКВА 204;МОСКВА;
127206;МОСКВА 206;МОСКВА;
127214;МОСКВА 214;МОСКВА;
127220;МОСКВА 220;МОСКВА;
127221;МОСКВА 221;МОСКВА;
127224;МОСКВА 224;МОСКВА;
127237;МОСКВА 237;МОСКВА;
127238;МОСКВА 238;МОСКВА;
127247;МОСКВА 247;МОСКВА;
127253;МОСКВА 253;МОСКВА;
127254;МОСКВА 254;МОСКВА;
127273;МОСКВА 273;МОСКВА;
127276;МОСКВА 276;МОСКВА;
127282;МОСКВА 282;МОСКВА;
127287;МОСКВА 287;МОСКВА;
127299;МОСКВА 299;МОСКВА;
127322;МОСКВА 322;МОСКВА;
127349;МОСКВА 349;МОСКВА;
127381;МОСКВА 381;МОСКВА;
127410;МОСКВА 410;МОСКВА;
127411;МОСКВА 411;МОСКВА;
127422;МОСКВА 422;МОСКВА;
127427;МОСКВА 427;МОСКВА;
127434;МОСКВА 434;МОСКВА;
127473;МОСКВА 473;МОСКВА;
127474;МОСКВА 474;МОСКВА;
127486;МОСКВА 486;МОСКВА;
127490;МОСКВА 490;МОСКВА;
127495;МОСКВА 495;МОСКВА;
127521;МОСКВА 521;МОСКВА;
127540;МОСКВА 540;МОСКВА;
127543;МОСКВА 543;МОСКВА;
127549;МОСКВА 549;МОСКВА;
127550;МОСКВА 550;МОСКВА;
127560;МОСКВА 560;МОСКВА;
127562;МОСКВА 562;МОСКВА;
127566;МОСКВА 566;МОСКВА;
127572;МОСКВА 572;МОСКВА;
127576;МОСКВА 576;МОСКВА;
127591;МОСКВА 591;МОСКВА;
127616;МОСКВА 616;МОСКВА;
127641;МОСКВА 641;МОСКВА;
127642;МОСКВА 642;МОСКВА;
127644;МОСКВА 644;МОСКВА;
127950;МОСКВА МРП-3;МОСКВА;
127976;МОСКВА МРП-3 УЧ. ТАРЫ;МОСКВА;
127994;МОСКВА ГСП-4;МОСКВА;
129063;МОСКВА 63;МОСКВА;
129075;МОСКВА 75;МОСКВА;
129085;МОСКВА 85;МОСКВА;
129086;МОСКВА;МОСКВА;
129090;МОСКВА 90;МОСКВА;
129110;МОСКВА 110;МОСКВА;
129128;МОСКВА 128;МОСКВА;
129164;МОСКВА 164;МОСКВА;
129223;МОСКВА 223;МОСКВА;
129226;МОСКВА 226;МОСКВА;
129272;МОСКВА 272;МОСКВА;
129281;МОСКВА 281;МОСКВА;
129301;МОСКВА 301;МОСКВА;
129323;МОСКВА 323;МОСКВА;
129327;МОСКВА 327;МОСКВА;
129329;МОСКВА 329;МОСКВА;
129336;МОСКВА 336;МОСКВА;
129337;МОСКВА 337;МОСКВА;
129338;МОСКВА 338;МОСКВА;
129343;МОСКВА 343;МОСКВА;
129344;МОСКВА 344;МОСКВА;
129345;МОСКВА 345;МОСКВА;
129346;МОСКВА 346;МОСКВА;
129347;МОСКВА 347;МОСКВА;
129366;МОСКВА 366;МОСКВА;
129515;МОСКВА 515;МОСКВА;
129594;МОСКВА 594;МОСКВА;
129626;МОСКВА 626;МОСКВА;
130100;МОСКВА СЦ КД;МОСКВА;
130201;МОСКВА УКД-1;МОСКВА;
130202;МОСКВА УКД-2;МОСКВА;
130203;МОСКВА УКД-3;МОСКВА;
130205;МОСКВА СЦ УЧ. ТАРЫ;МОСКВА;
130206;МОСКВА УКД-4;МОСКВА;
130221;МОСКВА УКД-1 УДО-1;МОСКВА;
130222;МОСКВА УКД-2 УДО-2;МОСКВА;
130223;МОСКВА УКД-3 УДО-3;МОСКВА;
130224;МОСКВА УКД-4 УДО-4;МОСКВА;
130232;МОСКВА УКД-2 УДД-2;МОСКВА;
130301;МОСКВА СЦ КД УЧ-1;МОСКВА;
130302;МОСКВА СЦ КД УЧ-2;МОСКВА;
130303;МОСКВА СЦ КД УЧ-3;МОСКВА;
130304;МОСКВА СЦ КД УЧ-4;МОСКВА;
130305;МОСКВА СЦ КД УЧ-5;МОСКВА;
130306;МОСКВА СЦ КД УЧ-6;МОСКВА;
130307;МОСКВА СЦ КД УЧ-7;МОСКВА;
130308;МОСКВА СЦ КД УЧ-8;МОСКВА;
130309;МОСКВА СЦ КД УЧ-9;МОСКВА;
130310;МОСКВА СЦ КД УЧ-10;МОСКВА;
130311;МОСКВА СЦ КД УЧ-11;МОСКВА;
130312;МОСКВА СЦ КД УЧ-12;МОСКВА;
130313;МОСКВА СЦ КД УЧ-13;МОСКВА;
130314;МОСКВА СЦ КД УЧ-14;МОСКВА;
130315;МОСКВА СЦ КД УЧ-15;МОСКВА;
130316;МОСКВА СЦ КД УЧ-16;МОСКВА;
130317;МОСКВА СЦ КД УЧ-17;МОСКВА;
130318;МОСКВА СЦ КД УЧ-18;МОСКВА;
130319;МОСКВА СЦ КД УЧ-19;МОСКВА;
130320;МОСКВА СЦ КД УЧ-20;МОСКВА;
130321;МОСКВА СЦ КД УЧ-21;МОСКВА;
130322;МОСКВА СЦ КД УЧ-22;МОСКВА;
130323;МОСКВА СЦ КД УЧ-23;МОСКВА;
130324;МОСКВА СЦ КД УЧ-24;МОСКВА;
130325;МОСКВА СЦ КД УЧ-25;МОСКВА;
130326;МОСКВА СЦ КД УЧ-26;МОСКВА;
130327;МОСКВА СЦ КД УЧ-27;МОСКВА;
130216;МОСКВА УЧАСТОК ДПП-СЕВЕР;МОСКВА;
130217;МОСКВА УЧАСТОК ДПП-ЮГ;МОСКВА;
130231;МОСКВА УКД-2 УДД-1;МОСКВА;
130328;МОСКВА СЦ КД УЧ-28;МОСКВА;
130329;МОСКВА СЦ КД УЧ-29;МОСКВА;
130330;МОСКВА СЦ КД УЧ-30;МОСКВА;
130331;МОСКВА СЦ КД УЧ-31;МОСКВА;
130332;МОСКВА СЦ КД УЧ-32;МОСКВА;
130333;МОСКВА СЦ КД УЧ-33;МОСКВА;
130334;МОСКВА СЦ КД УЧ-34;МОСКВА;
130335;МОСКВА СЦ КД УЧ-35;МОСКВА;
130336;МОСКВА СЦ КД УЧ-36;МОСКВА;
130337;МОСКВА СЦ КД УЧ-37;МОСКВА;
130338;МОСКВА СЦ КД УЧ-38;МОСКВА;
130339;МОСКВА СЦ КД УЧ-39;МОСКВА;
130340;МОСКВА СЦ КД УЧ-40;МОСКВА;
130341;МОСКВА СЦ КД УЧ-41;МОСКВА;
130342;МОСКВА СЦ КД УЧ-42;МОСКВА;
130343;МОСКВА СЦ КД УЧ-43;МОСКВА;
130344;МОСКВА СЦ КД УЧ-44;МОСКВА;
130345;МОСКВА СЦ КД УЧ-45;МОСКВА;
130346;МОСКВА СЦ КД УЧ-46;МОСКВА;
130347;МОСКВА СЦ КД УЧ-47;МОСКВА;
130348;МОСКВА СЦ КД УЧ-48;МОСКВА;
130349;МОСКВА СЦ КД УЧ-49;МОСКВА;
130350;МОСКВА СЦ КД УЧ-50;МОСКВА;
130351;МОСКВА СЦ КД УЧ-51;МОСКВА;
130352;МОСКВА СЦ КД УЧ-52;МОСКВА;
130353;МОСКВА СЦ КД УЧ-53;МОСКВА;
130354;МОСКВА СЦ КД УЧ-54;МОСКВА;
130355;МОСКВА СЦ КД УЧ-55;МОСКВА;
130356;МОСКВА СЦ КД УЧ-56;МОСКВА;
130357;МОСКВА СЦ КД УЧ-57;МОСКВА;
130358;МОСКВА СЦ КД УЧ-58;МОСКВА;
130359;МОСКВА СЦ КД УЧ-59;МОСКВА;
130360;МОСКВА СЦ КД УЧ-60;МОСКВА;
130361;МОСКВА СЦ КД УЧ-61;МОСКВА;
130362;МОСКВА СЦ КД УЧ-62;МОСКВА;
130363;МОСКВА СЦ КД УЧ-63;МОСКВА;
130364;МОСКВА СЦ КД УЧ-64;МОСКВА;
130365;МОСКВА СЦ КД УЧ-65;МОСКВА;
130366;МОСКВА СЦ КД УЧ-66;МОСКВА;
130367;МОСКВА СЦ КД УЧ-67;МОСКВА;
130368;МОСКВА СЦ КД УЧ-68;МОСКВА;
130369;МОСКВА СЦ КД УЧ-69;МОСКВА;
130370;МОСКВА СЦ КД УЧ-70;МОСКВА;
130371;МОСКВА СЦ КД УЧ-71;МОСКВА;
130372;МОСКВА СЦ КД УЧ-72;МОСКВА;
130373;МОСКВА СЦ КД УЧ-73;МОСКВА;
130374;МОСКВА СЦ КД УЧ-74;МОСКВА;
130375;МОСКВА СЦ КД УЧ-75;МОСКВА;
130376;МОСКВА СЦ КД УЧ-76;МОСКВА;
130377;МОСКВА СЦ КД УЧ-77;МОСКВА;
130378;МОСКВА СЦ КД УЧ-78;МОСКВА;
130379;МОСКВА СЦ КД УЧ-79;МОСКВА;
130380;МОСКВА СЦ КД УЧ-80;МОСКВА;
130381;МОСКВА СЦ КД УЧ-81;МОСКВА;
130382;МОСКВА СЦ КД УЧ-82;МОСКВА;
130383;МОСКВА СЦ КД УЧ-83;МОСКВА;
130384;МОСКВА СЦ КД УЧ-84;МОСКВА;
130385;МОСКВА СЦ КД УЧ-85;МОСКВА;
130386;МОСКВА СЦ КД УЧ-86;МОСКВА;
130387;МОСКВА СЦ КД УЧ-87;МОСКВА;
130388;МОСКВА СЦ КД УЧ-88;МОСКВА;
130389;МОСКВА СЦ КД УЧ-89;МОСКВА;
130390;МОСКВА СЦ КД УЧ-90;МОСКВА;
130391;МОСКВА СЦ КД УЧ-91;МОСКВА;
130392;МОСКВА СЦ КД УЧ-92;МОСКВА;
500880;ALTANBULAG;МОСКВА;
130393;МОСКВА СЦ КД УЧ-93;МОСКВА;
130394;МОСКВА СЦ КД УЧ-94;МОСКВА;
130395;МОСКВА СЦ КД УЧ-95;МОСКВА;
130396;МОСКВА СЦ КД УЧ-96;МОСКВА;
130397;МОСКВА СЦ КД УЧ-97;МОСКВА;
130398;МОСКВА СЦ КД УЧ-98;МОСКВА;
130399;МОСКВА СЦ КД УЧ-99;МОСКВА;
130400;МОСКВА СЦ КД УЧ-100;МОСКВА;
130401;МОСКВА СЦ КД УЧ-101;МОСКВА;
130402;МОСКВА СЦ КД УЧ-102;МОСКВА;
130403;МОСКВА СЦ КД УЧ-103;МОСКВА;
130404;МОСКВА СЦ КД УЧ-104;МОСКВА;
130405;МОСКВА СЦ КД УЧ-105;МОСКВА;
131000;"АО ""ПОЧТА РОССИИ""";МОСКВА;
131001;"АО ""ПОЧТА РОССИИ"" - СЕРВИС ЛИЧНЫЙ КАБИНЕТ";МОСКВА;
131003;"АО ""ПОЧТА РОССИИ"" - ЕДИНЫЙ СЕРВИС ОНЛАЙН КАНАЛА";МОСКВА;
500980;FOLCROFT PI;МОСКВА;
144700;УФПС МОСКОВСКОЙ ОБЛАСТИ;МОСКВА;
500480;NEWARK;МОСКВА;
500580;VIROLAHTI;МОСКВА;
500680;BASILDON;МОСКВА;
500780;SINGAPORE;МОСКВА;
500380;LONDON;МОСКВА;
111543;МОСКВА ППС;МОСКВА;
105036;МОСКВА ППС;МОСКВА;
115087;МОСКВА ППС;МОСКВА;
115226;МОСКВА ППС;МОСКВА;
115534;МОСКВА ППС;МОСКВА;
117625;МОСКВА ППС;МОСКВА;
129342;МОСКВА ППС;МОСКВА;
131004;"АО ""ПОЧТА РОССИИ"" - OMS";МОСКВА;
130215;МОСКВА СЦ УЧАСТОК ДПП-1;МОСКВА;
125955;МОСКВА-ЦОТО;МОСКВА;
125956;МОСКВА-ЦОТО;МОСКВА;
125957;МОСКВА-ЦОТО;МОСКВА;
130233;МОСКВА УКД-2 УДД-3;МОСКВА;
130234;МОСКВА УКД-2 УДД-4;МОСКВА;
101733;МОСКВА АТП;МОСКВА;
130290;МОСКВА АТП;МОСКВА;
130291;МОСКВА АТП;МОСКВА;
130292;МОСКВА АТП;МОСКВА;
130293;МОСКВА АТП;МОСКВА;
130294;МОСКВА АТП;МОСКВА;
144730;АТП МОСКОВСКОЙ ОБЛАСТИ;МОСКВА;
910681;МОСКВА-ПОЧТОМАТ (АПС);МОСКВА;
910890;МОСКВА-ПОЧТОМАТ (АПС);МОСКВА;
910891;МОСКВА-ПОЧТОМАТ (АПС);МОСКВА;
910899;МОСКВА-ПОЧТОМАТ (АПС);МОСКВА;
131005;"АО ""ПОЧТА РОССИИ"" - СОДУ";МОСКВА;
915419;МОСКВА-ПОЧТОМАТ (АПС);МОСКВА;
916334;МОСКВА-ПОЧТОМАТ (АПС);МОСКВА;
191086;САНКТ-ПЕТЕРБУРГ 86;САНКТ-ПЕТЕРБУРГ;
191104;САНКТ-ПЕТЕРБУРГ 104;САНКТ-ПЕТЕРБУРГ;
191119;САНКТ-ПЕТЕРБУРГ 119;САНКТ-ПЕТЕРБУРГ;
191122;САНКТ-ПЕТЕРБУРГ 122;САНКТ-ПЕТЕРБУРГ;
191069;САНКТ-ПЕТЕРБУРГ 69;САНКТ-ПЕТЕРБУРГ;
188690;ВСЕВОЛОЖСК УКД;САНКТ-ПЕТЕРБУРГ;
190000;САНКТ-ПЕТЕРБУРГ;САНКТ-ПЕТЕРБУРГ;
190005;САНКТ-ПЕТЕРБУРГ 5;САНКТ-ПЕТЕРБУРГ;
190008;САНКТ-ПЕТЕРБУРГ 8;САНКТ-ПЕТЕРБУРГ;
190013;САНКТ-ПЕТЕРБУРГ 13;САНКТ-ПЕТЕРБУРГ;
190020;САНКТ-ПЕТЕРБУРГ 20;САНКТ-ПЕТЕРБУРГ;
190031;САНКТ-ПЕТЕРБУРГ 31;САНКТ-ПЕТЕРБУРГ;
190068;САНКТ-ПЕТЕРБУРГ 68;САНКТ-ПЕТЕРБУРГ;
190098;САНКТ-ПЕТЕРБУРГ 98;САНКТ-ПЕТЕРБУРГ;
190103;САНКТ-ПЕТЕРБУРГ 103;САНКТ-ПЕТЕРБУРГ;
190107;САНКТ-ПЕТЕРБУРГ 107;САНКТ-ПЕТЕРБУРГ;
190121;САНКТ-ПЕТЕРБУРГ 121;САНКТ-ПЕТЕРБУРГ;
190147;САНКТ-ПЕТЕРБУРГ 147;САНКТ-ПЕТЕРБУРГ;
190195;САНКТ-ПЕТЕРБУРГ 195;САНКТ-ПЕТЕРБУРГ;
190700;УФПС Г. САНКТ-ПЕТЕРБУРГА И ЛЕНИНГРАДСКОЙ ОБЛАСТИ;САНКТ-ПЕТЕРБУРГ;
190880;САНКТ-ПЕТЕРБУРГ УКД;САНКТ-ПЕТЕРБУРГ;
190882;САНКТ-ПЕТЕРБУРГ УКД-2;САНКТ-ПЕТЕРБУРГ;
190890;САНКТ-ПЕТЕРБУРГ МСЦ УЧ. ТАРЫ;САНКТ-ПЕТЕРБУРГ;
190891;САНКТ-ПЕТЕРБУРГ-ПУЛКОВО АОПП УЧ. ТАРЫ;САНКТ-ПЕТЕРБУРГ;
190899;САНКТ-ПЕТЕРБУРГ ПОЧТАМТ УЧ. ТАРЫ;САНКТ-ПЕТЕРБУРГ;
190900;САНКТ-ПЕТЕРБУРГ ПОЧТАМТ БОКС-СЕРВИС;САНКТ-ПЕТЕРБУРГ;
190909;САНКТ-ПЕТЕРБУРГ МСЦ ЦЭП-9;САНКТ-ПЕТЕРБУРГ;
190910;САНКТ-ПЕТЕРБУРГ ГСП;САНКТ-ПЕТЕРБУРГ;
190911;САНКТ-ПЕТЕРБУРГ ПОЧТАМТ ЦЕХ-11;САНКТ-ПЕТЕРБУРГ;
190914;САНКТ-ПЕТЕРБУРГ МСЦ УОСПО;САНКТ-ПЕТЕРБУРГ;
190924;САНКТ-ПЕТЕРБУРГ ПОЧТАМТ ЦЕХ-11 УЧ. ТАРЫ;САНКТ-ПЕТЕРБУРГ;
190960;САНКТ-ПЕТЕРБУРГ МСЦ;САНКТ-ПЕТЕРБУРГ;
190961;САНКТ-ПЕТЕРБУРГ МСЦ-1;САНКТ-ПЕТЕРБУРГ;
190962;САНКТ-ПЕТЕРБУРГ МСЦ EMS;САНКТ-ПЕТЕРБУРГ;
190966;САНКТ-ПЕТЕРБУРГ МСЦ ЦОПО;САНКТ-ПЕТЕРБУРГ;
190967;САНКТ-ПЕТЕРБУРГ МСЦ ЦСПО;САНКТ-ПЕТЕРБУРГ;
190970;САНКТ-ПЕТЕРБУРГ-ПУЛКОВО АОПП;САНКТ-ПЕТЕРБУРГ;
190971;САНКТ-ПЕТЕРБУРГ-ПУЛКОВО АОПП EMS;САНКТ-ПЕТЕРБУРГ;
190973;САНКТ-ПЕТЕРБУРГ-ПУЛКОВО ММПО PI-4;САНКТ-ПЕТЕРБУРГ;
190974;САНКТ-ПЕТЕРБУРГ-ПУЛКОВО ММПО EMS;САНКТ-ПЕТЕРБУРГ;
190975;САНКТ-ПЕТЕРБУРГ-ПУЛКОВО ММПО;САНКТ-ПЕТЕРБУРГ;
190976;САНКТ-ПЕТЕРБУРГ-ПУЛКОВО ММПО PI-1;САНКТ-ПЕТЕРБУРГ;
190977;САНКТ-ПЕТЕРБУРГ-ПУЛКОВО ММПО PI-2;САНКТ-ПЕТЕРБУРГ;
190978;САНКТ-ПЕТЕРБУРГ-ПУЛКОВО ММПО PI-3;САНКТ-ПЕТЕРБУРГ;
190979;САНКТ-ПЕТЕРБУРГ-ПУЛКОВО ММПО PI-SV;САНКТ-ПЕТЕРБУРГ;
190980;САНКТ-ПЕТЕРБУРГ EMS;САНКТ-ПЕТЕРБУРГ;
190981;САНКТ-ПЕТЕРБУРГ PI-1;САНКТ-ПЕТЕРБУРГ;
190985;САНКТ-ПЕТЕРБУРГ PI-SV;САНКТ-ПЕТЕРБУРГ;
190986;САНКТ-ПЕТЕРБУРГ PI-7P;САНКТ-ПЕТЕРБУРГ;
190987;САНКТ-ПЕТЕРБУРГ PI-7;САНКТ-ПЕТЕРБУРГ;
190990;САНКТ-ПЕТЕРБУРГ ММПО;САНКТ-ПЕТЕРБУРГ;
190999;САНКТ-ПЕТЕРБУРГ ПОЧТАМТ;САНКТ-ПЕТЕРБУРГ;
191002;САНКТ-ПЕТЕРБУРГ 2;САНКТ-ПЕТЕРБУРГ;
191011;САНКТ-ПЕТЕРБУРГ 11;САНКТ-ПЕТЕРБУРГ;
191014;САНКТ-ПЕТЕРБУРГ 14;САНКТ-ПЕТЕРБУРГ;
191015;САНКТ-ПЕТЕРБУРГ 15;САНКТ-ПЕТЕРБУРГ;
191023;САНКТ-ПЕТЕРБУРГ 23;САНКТ-ПЕТЕРБУРГ;
191024;САНКТ-ПЕТЕРБУРГ 24;САНКТ-ПЕТЕРБУРГ;
191025;САНКТ-ПЕТЕРБУРГ 25;САНКТ-ПЕТЕРБУРГ;
191028;САНКТ-ПЕТЕРБУРГ 28;САНКТ-ПЕТЕРБУРГ;
191033;САНКТ-ПЕТЕРБУРГ 33;САНКТ-ПЕТЕРБУРГ;
191036;САНКТ-ПЕТЕРБУРГ 36;САНКТ-ПЕТЕРБУРГ;
191038;САНКТ-ПЕТЕРБУРГ 38;САНКТ-ПЕТЕРБУРГ;
191040;САНКТ-ПЕТЕРБУРГ 40;САНКТ-ПЕТЕРБУРГ;
191055;САНКТ-ПЕТЕРБУРГ 55;САНКТ-ПЕТЕРБУРГ;
191060;САНКТ-ПЕТЕРБУРГ 60;САНКТ-ПЕТЕРБУРГ;
190997;САНКТ-ПЕТЕРБУРГ УЧ. ВР. ХРАНЕНИЯ-2;САНКТ-ПЕТЕРБУРГ;
191123;САНКТ-ПЕТЕРБУРГ 123;САНКТ-ПЕТЕРБУРГ;
191124;САНКТ-ПЕТЕРБУРГ 124;САНКТ-ПЕТЕРБУРГ;
191141;САНКТ-ПЕТЕРБУРГ 141;САНКТ-ПЕТЕРБУРГ;
191144;САНКТ-ПЕТЕРБУРГ 144;САНКТ-ПЕТЕРБУРГ;
191163;САНКТ-ПЕТЕРБУРГ 163;САНКТ-ПЕТЕРБУРГ;
191167;САНКТ-ПЕТЕРБУРГ 167;САНКТ-ПЕТЕРБУРГ;
191180;САНКТ-ПЕТЕРБУРГ 180;САНКТ-ПЕТЕРБУРГ;
191181;САНКТ-ПЕТЕРБУРГ 181;САНКТ-ПЕТЕРБУРГ;
191186;САНКТ-ПЕТЕРБУРГ 186;САНКТ-ПЕТЕРБУРГ;
191187;САНКТ-ПЕТЕРБУРГ 187;САНКТ-ПЕТЕРБУРГ;
191193;САНКТ-ПЕТЕРБУРГ 193;САНКТ-ПЕТЕРБУРГ;
191311;САНКТ-ПЕТЕРБУРГ 311;САНКТ-ПЕТЕРБУРГ;
191317;САНКТ-ПЕТЕРБУРГ 317;САНКТ-ПЕТЕРБУРГ;
192007;САНКТ-ПЕТЕРБУРГ 7;САНКТ-ПЕТЕРБУРГ;
192012;САНКТ-ПЕТЕРБУРГ 12;САНКТ-ПЕТЕРБУРГ;
192019;САНКТ-ПЕТЕРБУРГ 19;САНКТ-ПЕТЕРБУРГ;
192029;САНКТ-ПЕТЕРБУРГ 29;САНКТ-ПЕТЕРБУРГ;
192071;САНКТ-ПЕТЕРБУРГ 71;САНКТ-ПЕТЕРБУРГ;
192076;САНКТ-ПЕТЕРБУРГ 76;САНКТ-ПЕТЕРБУРГ;
192077;САНКТ-ПЕТЕРБУРГ 77;САНКТ-ПЕТЕРБУРГ;
192102;САНКТ-ПЕТЕРБУРГ 102;САНКТ-ПЕТЕРБУРГ;
192131;САНКТ-ПЕТЕРБУРГ 131;САНКТ-ПЕТЕРБУРГ;
192148;САНКТ-ПЕТЕРБУРГ 148;САНКТ-ПЕТЕРБУРГ;
192159;САНКТ-ПЕТЕРБУРГ 159;САНКТ-ПЕТЕРБУРГ;
192171;САНКТ-ПЕТЕРБУРГ 171;САНКТ-ПЕТЕРБУРГ;
192174;САНКТ-ПЕТЕРБУРГ 174;САНКТ-ПЕТЕРБУРГ;
192177;САНКТ-ПЕТЕРБУРГ 177;САНКТ-ПЕТЕРБУРГ;
192212;САНКТ-ПЕТЕРБУРГ 212;САНКТ-ПЕТЕРБУРГ;
192236;САНКТ-ПЕТЕРБУРГ 236;САНКТ-ПЕТЕРБУРГ;
192237;САНКТ-ПЕТЕРБУРГ 237;САНКТ-ПЕТЕРБУРГ;
192238;САНКТ-ПЕТЕРБУРГ 238;САНКТ-ПЕТЕРБУРГ;
192239;САНКТ-ПЕТЕРБУРГ 239;САНКТ-ПЕТЕРБУРГ;
192241;САНКТ-ПЕТЕРБУРГ 241;САНКТ-ПЕТЕРБУРГ;
192242;САНКТ-ПЕТЕРБУРГ 242;САНКТ-ПЕТЕРБУРГ;
192249;САНКТ-ПЕТЕРБУРГ 249;САНКТ-ПЕТЕРБУРГ;
192281;САНКТ-ПЕТЕРБУРГ 281;САНКТ-ПЕТЕРБУРГ;
192282;САНКТ-ПЕТЕРБУРГ 282;САНКТ-ПЕТЕРБУРГ;
192283;САНКТ-ПЕТЕРБУРГ 283;САНКТ-ПЕТЕРБУРГ;
192284;САНКТ-ПЕТЕРБУРГ 284;САНКТ-ПЕТЕРБУРГ;
192285;САНКТ-ПЕТЕРБУРГ 285;САНКТ-ПЕТЕРБУРГ;
192286;САНКТ-ПЕТЕРБУРГ 286;САНКТ-ПЕТЕРБУРГ;
192288;САНКТ-ПЕТЕРБУРГ 288;САНКТ-ПЕТЕРБУРГ;
192289;САНКТ-ПЕТЕРБУРГ 289;САНКТ-ПЕТЕРБУРГ;
192290;САНКТ-ПЕТЕРБУРГ 290;САНКТ-ПЕТЕРБУРГ;
193079;САНКТ-ПЕТЕРБУРГ 79;САНКТ-ПЕТЕРБУРГ;
193091;САНКТ-ПЕТЕРБУРГ 91;САНКТ-ПЕТЕРБУРГ;
193149;САНКТ-ПЕТЕРБУРГ 149;САНКТ-ПЕТЕРБУРГ;
193168;САНКТ-ПЕТЕРБУРГ 168;САНКТ-ПЕТЕРБУРГ;
193230;САНКТ-ПЕТЕРБУРГ 230;САНКТ-ПЕТЕРБУРГ;
193231;САНКТ-ПЕТЕРБУРГ 231;САНКТ-ПЕТЕРБУРГ;
193232;САНКТ-ПЕТЕРБУРГ 232;САНКТ-ПЕТЕРБУРГ;
193312;САНКТ-ПЕТЕРБУРГ 312;САНКТ-ПЕТЕРБУРГ;
193313;САНКТ-ПЕТЕРБУРГ 313;САНКТ-ПЕТЕРБУРГ;
193315;САНКТ-ПЕТЕРБУРГ 315;САНКТ-ПЕТЕРБУРГ;
193318;САНКТ-ПЕТЕРБУРГ 318;САНКТ-ПЕТЕРБУРГ;
193382;САНКТ-ПЕТЕРБУРГ 382;САНКТ-ПЕТЕРБУРГ;
194017;САНКТ-ПЕТЕРБУРГ 17;САНКТ-ПЕТЕРБУРГ;
194021;САНКТ-ПЕТЕРБУРГ 21;САНКТ-ПЕТЕРБУРГ;
194044;САНКТ-ПЕТЕРБУРГ 44;САНКТ-ПЕТЕРБУРГ;
194064;САНКТ-ПЕТЕРБУРГ 64;САНКТ-ПЕТЕРБУРГ;
194100;САНКТ-ПЕТЕРБУРГ 100;САНКТ-ПЕТЕРБУРГ;
194153;САНКТ-ПЕТЕРБУРГ 153;САНКТ-ПЕТЕРБУРГ;
194156;САНКТ-ПЕТЕРБУРГ 156;САНКТ-ПЕТЕРБУРГ;
194214;САНКТ-ПЕТЕРБУРГ 214;САНКТ-ПЕТЕРБУРГ;
194223;САНКТ-ПЕТЕРБУРГ 223;САНКТ-ПЕТЕРБУРГ;
194291;САНКТ-ПЕТЕРБУРГ 291;САНКТ-ПЕТЕРБУРГ;
194292;САНКТ-ПЕТЕРБУРГ 292;САНКТ-ПЕТЕРБУРГ;
194295;САНКТ-ПЕТЕРБУРГ 295;САНКТ-ПЕТЕРБУРГ;
194352;САНКТ-ПЕТЕРБУРГ 352;САНКТ-ПЕТЕРБУРГ;
194353;САНКТ-ПЕТЕРБУРГ 353;САНКТ-ПЕТЕРБУРГ;
194354;САНКТ-ПЕТЕРБУРГ 354;САНКТ-ПЕТЕРБУРГ;
194355;САНКТ-ПЕТЕРБУРГ 355;САНКТ-ПЕТЕРБУРГ;
194356;САНКТ-ПЕТЕРБУРГ 356;САНКТ-ПЕТЕРБУРГ;
194358;САНКТ-ПЕТЕРБУРГ 358;САНКТ-ПЕТЕРБУРГ;
195009;САНКТ-ПЕТЕРБУРГ 9;САНКТ-ПЕТЕРБУРГ;
195027;САНКТ-ПЕТЕРБУРГ 27;САНКТ-ПЕТЕРБУРГ;
195030;САНКТ-ПЕТЕРБУРГ 30;САНКТ-ПЕТЕРБУРГ;
195043;САНКТ-ПЕТЕРБУРГ 43;САНКТ-ПЕТЕРБУРГ;
195067;САНКТ-ПЕТЕРБУРГ 67;САНКТ-ПЕТЕРБУРГ;
195112;САНКТ-ПЕТЕРБУРГ 112;САНКТ-ПЕТЕРБУРГ;
195113;САНКТ-ПЕТЕРБУРГ 113;САНКТ-ПЕТЕРБУРГ;
195160;САНКТ-ПЕТЕРБУРГ 160;САНКТ-ПЕТЕРБУРГ;
195176;САНКТ-ПЕТЕРБУРГ 176;САНКТ-ПЕТЕРБУРГ;
195196;САНКТ-ПЕТЕРБУРГ 196;САНКТ-ПЕТЕРБУРГ;
195197;САНКТ-ПЕТЕРБУРГ 197;САНКТ-ПЕТЕРБУРГ;
195213;САНКТ-ПЕТЕРБУРГ 213;САНКТ-ПЕТЕРБУРГ;
195220;САНКТ-ПЕТЕРБУРГ 220;САНКТ-ПЕТЕРБУРГ;
195221;САНКТ-ПЕТЕРБУРГ 221;САНКТ-ПЕТЕРБУРГ;
195248;САНКТ-ПЕТЕРБУРГ 248;САНКТ-ПЕТЕРБУРГ;
195251;САНКТ-ПЕТЕРБУРГ 251;САНКТ-ПЕТЕРБУРГ;
195252;САНКТ-ПЕТЕРБУРГ 252;САНКТ-ПЕТЕРБУРГ;
195253;САНКТ-ПЕТЕРБУРГ 253;САНКТ-ПЕТЕРБУРГ;
195256;САНКТ-ПЕТЕРБУРГ 256;САНКТ-ПЕТЕРБУРГ;
195257;САНКТ-ПЕТЕРБУРГ 257;САНКТ-ПЕТЕРБУРГ;
195265;САНКТ-ПЕТЕРБУРГ 265;САНКТ-ПЕТЕРБУРГ;
195267;САНКТ-ПЕТЕРБУРГ 267;САНКТ-ПЕТЕРБУРГ;
195269;САНКТ-ПЕТЕРБУРГ 269;САНКТ-ПЕТЕРБУРГ;
195271;САНКТ-ПЕТЕРБУРГ 271;САНКТ-ПЕТЕРБУРГ;
195272;САНКТ-ПЕТЕРБУРГ 272;САНКТ-ПЕТЕРБУРГ;
195273;САНКТ-ПЕТЕРБУРГ 273;САНКТ-ПЕТЕРБУРГ;
195274;САНКТ-ПЕТЕРБУРГ 274;САНКТ-ПЕТЕРБУРГ;
195275;САНКТ-ПЕТЕРБУРГ 275;САНКТ-ПЕТЕРБУРГ;
195276;САНКТ-ПЕТЕРБУРГ 276;САНКТ-ПЕТЕРБУРГ;
195277;САНКТ-ПЕТЕРБУРГ 277;САНКТ-ПЕТЕРБУРГ;
195279;САНКТ-ПЕТЕРБУРГ 279;САНКТ-ПЕТЕРБУРГ;
195297;САНКТ-ПЕТЕРБУРГ 297;САНКТ-ПЕТЕРБУРГ;
195298;САНКТ-ПЕТЕРБУРГ 298;САНКТ-ПЕТЕРБУРГ;
195299;САНКТ-ПЕТЕРБУРГ 299;САНКТ-ПЕТЕРБУРГ;
195426;САНКТ-ПЕТЕРБУРГ 426;САНКТ-ПЕТЕРБУРГ;
195427;САНКТ-ПЕТЕРБУРГ 427;САНКТ-ПЕТЕРБУРГ;
196006;САНКТ-ПЕТЕРБУРГ 6;САНКТ-ПЕТЕРБУРГ;
196066;САНКТ-ПЕТЕРБУРГ 66;САНКТ-ПЕТЕРБУРГ;
196070;САНКТ-ПЕТЕРБУРГ 70;САНКТ-ПЕТЕРБУРГ;
196084;САНКТ-ПЕТЕРБУРГ 84;САНКТ-ПЕТЕРБУРГ;
196085;САНКТ-ПЕТЕРБУРГ 85;САНКТ-ПЕТЕРБУРГ;
196105;САНКТ-ПЕТЕРБУРГ 105;САНКТ-ПЕТЕРБУРГ;
196128;САНКТ-ПЕТЕРБУРГ 128;САНКТ-ПЕТЕРБУРГ;
196135;САНКТ-ПЕТЕРБУРГ 135;САНКТ-ПЕТЕРБУРГ;
196140;САНКТ-ПЕТЕРБУРГ 140;САНКТ-ПЕТЕРБУРГ;
196142;САНКТ-ПЕТЕРБУРГ 142;САНКТ-ПЕТЕРБУРГ;
196143;САНКТ-ПЕТЕРБУРГ 143;САНКТ-ПЕТЕРБУРГ;
196158;САНКТ-ПЕТЕРБУРГ 158;САНКТ-ПЕТЕРБУРГ;
196189;САНКТ-ПЕТЕРБУРГ 189;САНКТ-ПЕТЕРБУРГ;
196191;САНКТ-ПЕТЕРБУРГ 191;САНКТ-ПЕТЕРБУРГ;
196199;САНКТ-ПЕТЕРБУРГ 199;САНКТ-ПЕТЕРБУРГ;
196210;САНКТ-ПЕТЕРБУРГ 210;САНКТ-ПЕТЕРБУРГ;
196211;САНКТ-ПЕТЕРБУРГ 211;САНКТ-ПЕТЕРБУРГ;
196233;САНКТ-ПЕТЕРБУРГ 233;САНКТ-ПЕТЕРБУРГ;
196240;САНКТ-ПЕТЕРБУРГ 240;САНКТ-ПЕТЕРБУРГ;
196243;САНКТ-ПЕТЕРБУРГ 243;САНКТ-ПЕТЕРБУРГ;
196244;САНКТ-ПЕТЕРБУРГ 244;САНКТ-ПЕТЕРБУРГ;
196245;САНКТ-ПЕТЕРБУРГ 245;САНКТ-ПЕТЕРБУРГ;
196246;САНКТ-ПЕТЕРБУРГ 246;САНКТ-ПЕТЕРБУРГ;
196247;САНКТ-ПЕТЕРБУРГ 247;САНКТ-ПЕТЕРБУРГ;
197000;САНКТ-ПЕТЕРБУРГ-ПЕТРОГРАДСКИЙ МРП;САНКТ-ПЕТЕРБУРГ;
197001;САНКТ-ПЕТЕРБУРГ-ПЕТРОГРАДСКИЙ МРП УЧ.ТАРЫ;САНКТ-ПЕТЕРБУРГ;
197010;САНКТ-ПЕТЕРБУРГ-ПЕТРОГРАДСКИЙ ГСП;САНКТ-ПЕТЕРБУРГ;
197022;САНКТ-ПЕТЕРБУРГ 22;САНКТ-ПЕТЕРБУРГ;
197045;САНКТ-ПЕТЕРБУРГ 45;САНКТ-ПЕТЕРБУРГ;
197046;САНКТ-ПЕТЕРБУРГ 46;САНКТ-ПЕТЕРБУРГ;
197082;САНКТ-ПЕТЕРБУРГ 82;САНКТ-ПЕТЕРБУРГ;
197101;САНКТ-ПЕТЕРБУРГ 101;САНКТ-ПЕТЕРБУРГ;
197006;САНКТ-ПЕТЕРБУРГ-ПЕТРОГРАДСКИЙ УЧ. ВР. ХРАНЕНИЯ;САНКТ-ПЕТЕРБУРГ;
197110;САНКТ-ПЕТЕРБУРГ 110;САНКТ-ПЕТЕРБУРГ;
197136;САНКТ-ПЕТЕРБУРГ 136;САНКТ-ПЕТЕРБУРГ;
197137;САНКТ-ПЕТЕРБУРГ 137;САНКТ-ПЕТЕРБУРГ;
197183;САНКТ-ПЕТЕРБУРГ 183;САНКТ-ПЕТЕРБУРГ;
197198;САНКТ-ПЕТЕРБУРГ 198;САНКТ-ПЕТЕРБУРГ;
197227;САНКТ-ПЕТЕРБУРГ 227;САНКТ-ПЕТЕРБУРГ;
197228;САНКТ-ПЕТЕРБУРГ;САНКТ-ПЕТЕРБУРГ;
197229;САНКТ-ПЕТЕРБУРГ 229;САНКТ-ПЕТЕРБУРГ;
197341;САНКТ-ПЕТЕРБУРГ 341;САНКТ-ПЕТЕРБУРГ;
197342;САНКТ-ПЕТЕРБУРГ 342;САНКТ-ПЕТЕРБУРГ;
197343;САНКТ-ПЕТЕРБУРГ 343;САНКТ-ПЕТЕРБУРГ;
197345;САНКТ-ПЕТЕРБУРГ 345;САНКТ-ПЕТЕРБУРГ;
197348;САНКТ-ПЕТЕРБУРГ 348;САНКТ-ПЕТЕРБУРГ;
197349;САНКТ-ПЕТЕРБУРГ 349;САНКТ-ПЕТЕРБУРГ;
197350;САНКТ-ПЕТЕРБУРГ 350;САНКТ-ПЕТЕРБУРГ;
197371;САНКТ-ПЕТЕРБУРГ 371;САНКТ-ПЕТЕРБУРГ;
197372;САНКТ-ПЕТЕРБУРГ 372;САНКТ-ПЕТЕРБУРГ;
197373;САНКТ-ПЕТЕРБУРГ 373;САНКТ-ПЕТЕРБУРГ;
197374;САНКТ-ПЕТЕРБУРГ 374;САНКТ-ПЕТЕРБУРГ;
197375;САНКТ-ПЕТЕРБУРГ 375;САНКТ-ПЕТЕРБУРГ;
197376;САНКТ-ПЕТЕРБУРГ 376;САНКТ-ПЕТЕРБУРГ;
197790;ПАРГОЛОВО УКД;САНКТ-ПЕТЕРБУРГ;
198035;САНКТ-ПЕТЕРБУРГ 35;САНКТ-ПЕТЕРБУРГ;
198095;САНКТ-ПЕТЕРБУРГ 95;САНКТ-ПЕТЕРБУРГ;
198096;САНКТ-ПЕТЕРБУРГ 96;САНКТ-ПЕТЕРБУРГ;
198097;САНКТ-ПЕТЕРБУРГ 97;САНКТ-ПЕТЕРБУРГ;
198099;САНКТ-ПЕТЕРБУРГ 99;САНКТ-ПЕТЕРБУРГ;
198152;САНКТ-ПЕТЕРБУРГ 152;САНКТ-ПЕТЕРБУРГ;
198184;САНКТ-ПЕТЕРБУРГ 184;САНКТ-ПЕТЕРБУРГ;
198188;САНКТ-ПЕТЕРБУРГ 188;САНКТ-ПЕТЕРБУРГ;
198205;САНКТ-ПЕТЕРБУРГ 205;САНКТ-ПЕТЕРБУРГ;
198206;САНКТ-ПЕТЕРБУРГ 206;САНКТ-ПЕТЕРБУРГ;
198207;САНКТ-ПЕТЕРБУРГ 207;САНКТ-ПЕТЕРБУРГ;
198215;САНКТ-ПЕТЕРБУРГ 215;САНКТ-ПЕТЕРБУРГ;
198216;САНКТ-ПЕТЕРБУРГ 216;САНКТ-ПЕТЕРБУРГ;
198217;САНКТ-ПЕТЕРБУРГ 217;САНКТ-ПЕТЕРБУРГ;
198218;САНКТ-ПЕТЕРБУРГ 218;САНКТ-ПЕТЕРБУРГ;
198255;САНКТ-ПЕТЕРБУРГ 255;САНКТ-ПЕТЕРБУРГ;
198259;САНКТ-ПЕТЕРБУРГ 259;САНКТ-ПЕТЕРБУРГ;
198260;САНКТ-ПЕТЕРБУРГ 260;САНКТ-ПЕТЕРБУРГ;
198261;САНКТ-ПЕТЕРБУРГ 261;САНКТ-ПЕТЕРБУРГ;
198262;САНКТ-ПЕТЕРБУРГ 262;САНКТ-ПЕТЕРБУРГ;
198264;САНКТ-ПЕТЕРБУРГ 264;САНКТ-ПЕТЕРБУРГ;
197701;СЕСТРОРЕЦК 1;САНКТ-ПЕТЕРБУРГ;
197721;ЗЕЛЕНОГОРСК 1;САНКТ-ПЕТЕРБУРГ;
197725;КРАСАВИЦА;САНКТ-ПЕТЕРБУРГ;
197763;КРОНШТАДТ 3;САНКТ-ПЕТЕРБУРГ;
198302;САНКТ-ПЕТЕРБУРГ 302;САНКТ-ПЕТЕРБУРГ;
198303;САНКТ-ПЕТЕРБУРГ 303;САНКТ-ПЕТЕРБУРГ;
198322;САНКТ-ПЕТЕРБУРГ 322;САНКТ-ПЕТЕРБУРГ;
198323;САНКТ-ПЕТЕРБУРГ 323;САНКТ-ПЕТЕРБУРГ;
198326;САНКТ-ПЕТЕРБУРГ 326;САНКТ-ПЕТЕРБУРГ;
198328;САНКТ-ПЕТЕРБУРГ 328;САНКТ-ПЕТЕРБУРГ;
198329;САНКТ-ПЕТЕРБУРГ 329;САНКТ-ПЕТЕРБУРГ;
198330;САНКТ-ПЕТЕРБУРГ 330;САНКТ-ПЕТЕРБУРГ;
198332;САНКТ-ПЕТЕРБУРГ 332;САНКТ-ПЕТЕРБУРГ;
198334;САНКТ-ПЕТЕРБУРГ 334;САНКТ-ПЕТЕРБУРГ;
198335;САНКТ-ПЕТЕРБУРГ 335;САНКТ-ПЕТЕРБУРГ;
198910;САНКТ-ПЕТЕРБУРГ-КИРОВСКИЙ ГСП;САНКТ-ПЕТЕРБУРГ;
198998;САНКТ-ПЕТЕРБУРГ-КИРОВСКИЙ МРП УЧ.ТАРЫ;САНКТ-ПЕТЕРБУРГ;
198999;САНКТ-ПЕТЕРБУРГ-КИРОВСКИЙ МРП;САНКТ-ПЕТЕРБУРГ;
199004;САНКТ-ПЕТЕРБУРГ 4;САНКТ-ПЕТЕРБУРГ;
199026;САНКТ-ПЕТЕРБУРГ 26;САНКТ-ПЕТЕРБУРГ;
199034;САНКТ-ПЕТЕРБУРГ 34;САНКТ-ПЕТЕРБУРГ;
199048;САНКТ-ПЕТЕРБУРГ 48;САНКТ-ПЕТЕРБУРГ;
199053;САНКТ-ПЕТЕРБУРГ 53;САНКТ-ПЕТЕРБУРГ;
199058;САНКТ-ПЕТЕРБУРГ 58;САНКТ-ПЕТЕРБУРГ;
199106;САНКТ-ПЕТЕРБУРГ 106;САНКТ-ПЕТЕРБУРГ;
199151;САНКТ-ПЕТЕРБУРГ 151;САНКТ-ПЕТЕРБУРГ;
199155;САНКТ-ПЕТЕРБУРГ 155;САНКТ-ПЕТЕРБУРГ;
199162;САНКТ-ПЕТЕРБУРГ 162;САНКТ-ПЕТЕРБУРГ;
199178;САНКТ-ПЕТЕРБУРГ 178;САНКТ-ПЕТЕРБУРГ;
199225;САНКТ-ПЕТЕРБУРГ 225;САНКТ-ПЕТЕРБУРГ;
199226;САНКТ-ПЕТЕРБУРГ 226;САНКТ-ПЕТЕРБУРГ;
199397;САНКТ-ПЕТЕРБУРГ 397;САНКТ-ПЕТЕРБУРГ;
199405;САНКТ-ПЕТЕРБУРГ 405;САНКТ-ПЕТЕРБУРГ;
199406;САНКТ-ПЕТЕРБУРГ 406;САНКТ-ПЕТЕРБУРГ;
198511;ПЕТРОДВОРЕЦ 1;САНКТ-ПЕТЕРБУРГ;
198996;САНКТ-ПЕТЕРБУРГ-КИРОВСКИЙ УЧ. ВР. ХРАНЕНИЯ;САНКТ-ПЕТЕРБУРГ;
200900;САНКТ-ПЕТЕРБУРГ АСЦ УЧ. РОССЫПИ - СПЕЦ РЕЙС №10;САНКТ-ПЕТЕРБУРГ;
200901;САНКТ-ПЕТЕРБУРГ АСЦ УЧ. РОССЫПИ - СПЕЦ РЕЙС №1;САНКТ-ПЕТЕРБУРГ;
200902;САНКТ-ПЕТЕРБУРГ АСЦ УЧ. РОССЫПИ - СПЕЦ РЕЙС №2;САНКТ-ПЕТЕРБУРГ;
200903;САНКТ-ПЕТЕРБУРГ АСЦ УЧ. РОССЫПИ - СПЕЦ РЕЙС №3;САНКТ-ПЕТЕРБУРГ;
200904;САНКТ-ПЕТЕРБУРГ АСЦ УЧ. РОССЫПИ - СПЕЦ РЕЙС №4;САНКТ-ПЕТЕРБУРГ;
200905;САНКТ-ПЕТЕРБУРГ АСЦ УЧ. РОССЫПИ - СПЕЦ РЕЙС №5;САНКТ-ПЕТЕРБУРГ;
200906;САНКТ-ПЕТЕРБУРГ АСЦ УЧ. РОССЫПИ - СПЕЦ РЕЙС №6;САНКТ-ПЕТЕРБУРГ;
200907;САНКТ-ПЕТЕРБУРГ АСЦ УЧ. РОССЫПИ - СПЕЦ РЕЙС №7;САНКТ-ПЕТЕРБУРГ;
200908;САНКТ-ПЕТЕРБУРГ АСЦ УЧ. РОССЫПИ - СПЕЦ РЕЙС №8;САНКТ-ПЕТЕРБУРГ;
200909;САНКТ-ПЕТЕРБУРГ АСЦ УЧ. РОССЫПИ - СПЕЦ РЕЙС №9;САНКТ-ПЕТЕРБУРГ;
200910;АЛЕКСАНДРОВСКАЯ УЧ. РОССЫПИ ЗОНА-20;САНКТ-ПЕТЕРБУРГ;
200911;ФРУНЗЕНСКИЙ УЧ. РОССЫПИ-2 ЗОНА-21;САНКТ-ПЕТЕРБУРГ;
200912;ФРУНЗЕНСКИЙ УЧ. РОССЫПИ-3 ЗОНА-22;САНКТ-ПЕТЕРБУРГ;
200913;ФРУНЗЕНСКИЙ УЧ. РОССЫПИ-4 ЗОНА-23;САНКТ-ПЕТЕРБУРГ;
200914;ФРУНЗЕНСКИЙ УЧ. РОССЫПИ-5 ЗОНА-24;САНКТ-ПЕТЕРБУРГ;
200915;ФРУНЗЕНСКИЙ УЧ. РОССЫПИ-6 ЗОНА-25;САНКТ-ПЕТЕРБУРГ;
200916;КРАСНОСЕЛЬСКИЙ УЧ. РОССЫПИ ЗОНА-12;САНКТ-ПЕТЕРБУРГ;
200917;КОЛПИНСКИЙ УЧ. РОССЫПИ-1 ЗОНА-17;САНКТ-ПЕТЕРБУРГ;
200918;КОЛПИНСКИЙ УЧ. РОССЫПИ-2 ЗОНА-18;САНКТ-ПЕТЕРБУРГ;
200921;ПУШКИНСКИЙ УЧ. РОССЫПИ-1 ЗОНА-21;САНКТ-ПЕТЕРБУРГ;
200922;ПУШКИНСКИЙ УЧ. РОССЫПИ-2 ЗОНА-22;САНКТ-ПЕТЕРБУРГ;
200923;ПУШКИНСКИЙ УЧ. РОССЫПИ-3 ЗОНА-23;САНКТ-ПЕТЕРБУРГ;
200930;ВАСИЛЕОСТРОВСКИЙ УЧ. РОССЫПИ-1 ЗОНА-12;САНКТ-ПЕТЕРБУРГ;
200931;ПЕТРОГРАДСКИЙ УЧ. РОССЫПИ-1 ЗОНА-4;САНКТ-ПЕТЕРБУРГ;
200932;ПЕТРОГРАДСКИЙ УЧ. РОССЫПИ-2 ЗОНА-8;САНКТ-ПЕТЕРБУРГ;
200933;ПОЧТАМТСКИЙ УЧ. РОССЫПИ-1 ЗОНА-1;САНКТ-ПЕТЕРБУРГ;
200934;ПОЧТАМТСКИЙ УЧ. РОССЫПИ-2 ЗОНА-3;САНКТ-ПЕТЕРБУРГ;
200935;КИРОВСКИЙ УЧ. РОССЫПИ-2 ЗОНА-9;САНКТ-ПЕТЕРБУРГ;
200936;КИРОВСКИЙ УЧ. РОССЫПИ-4 ЗОНА-11;САНКТ-ПЕТЕРБУРГ;
200920;САНКТ-ПЕТЕРБУРГ РЦГП;САНКТ-ПЕТЕРБУРГ;
200937;МОСКОВСКИЙ УЧ. РОССЫПИ-1 ЗОНА-14;САНКТ-ПЕТЕРБУРГ;
200938;МОСКОВСКИЙ УЧ. РОССЫПИ-2 ЗОНА-15;САНКТ-ПЕТЕРБУРГ;
200939;МОСКОВСКИЙ УЧ. РОССЫПИ-3 ЗОНА-16;САНКТ-ПЕТЕРБУРГ;
200941;ВЫБОРГСКИЙ УЧ. ПКО-2 ЗОНА-112;САНКТ-ПЕТЕРБУРГ;
200953;ПРИМОРСКИЙ УЧ. РОССЫПИ-1 ЗОНА-114;САНКТ-ПЕТЕРБУРГ;
200955;КРАСНОГВАРДЕЙСКИЙ УЧ. РОССЫПИ-1 ЗОНА-6;САНКТ-ПЕТЕРБУРГ;
200956;КРАСНОГВАРДЕЙСКИЙ УЧ. РОССЫПИ-2 ЗОНА-10;САНКТ-ПЕТЕРБУРГ;
200957;ФРУНЗЕНСКИЙ УЧ. РОССЫПИ-1 ЗОНА-13;САНКТ-ПЕТЕРБУРГ;
200960;САНКТ-ПЕТЕРБУРГ АСЦ;САНКТ-ПЕТЕРБУРГ;
200961;САНКТ-ПЕТЕРБУРГ АСЦ;САНКТ-ПЕТЕРБУРГ;
200969;САНКТ-ПЕТЕРБУРГ АСЦ ЦЕНТР ГИБРИДНОЙ ПЕЧАТИ;САНКТ-ПЕТЕРБУРГ;
200971;САНКТ-ПЕТЕРБУРГ АСЦ IRV1-СМ;САНКТ-ПЕТЕРБУРГ;
200972;САНКТ-ПЕТЕРБУРГ АСЦ IRV2-СМ;САНКТ-ПЕТЕРБУРГ;
200973;САНКТ-ПЕТЕРБУРГ АСЦ ТТ2000-4-СМ;САНКТ-ПЕТЕРБУРГ;
200974;САНКТ-ПЕТЕРБУРГ АСЦ PS1-СМ;САНКТ-ПЕТЕРБУРГ;
200975;САНКТ-ПЕТЕРБУРГ АСЦ VRT1-СМ;САНКТ-ПЕТЕРБУРГ;
200978;САНКТ-ПЕТЕРБУРГ АСЦ УЧ. ОТПРАВЛЕНИЙ 1 КЛ.;САНКТ-ПЕТЕРБУРГ;
200979;САНКТ-ПЕТЕРБУРГ АСЦ УЧ. ТАРЫ;САНКТ-ПЕТЕРБУРГ;
200980;САНКТ-ПЕТЕРБУРГ АСЦ ЦЕХ ЛОГИСТИКИ;САНКТ-ПЕТЕРБУРГ;
200982;САНКТ-ПЕТЕРБУРГ АСЦ УЧ. РУЧН. СОРТ. ПОСЫЛОК;САНКТ-ПЕТЕРБУРГ;
200983;САНКТ-ПЕТЕРБУРГ АСЦ ЦЕХ ПОСЫЛОК;САНКТ-ПЕТЕРБУРГ;
200984;САНКТ-ПЕТЕРБУРГ АСЦ MPS-4-СМ;САНКТ-ПЕТЕРБУРГ;
200985;САНКТ-ПЕТЕРБУРГ АСЦ УЧ. АВТОМАТИЗИРОВАННОЙ СОРТИРОВКИ МП;САНКТ-ПЕТЕРБУРГ;
200986;САНКТ-ПЕТЕРБУРГ АСЦ УЧ. СОРТИРОВКИ ПРОСТЫХ МЖД ОТПРАВЛЕНИЙ;САНКТ-ПЕТЕРБУРГ;
200987;САНКТ-ПЕТЕРБУРГ АСЦ ЦЕХ СТАНДАРТНЫХ ПРОСТЫХ ПИСЕМ;САНКТ-ПЕТЕРБУРГ;
200988;САНКТ-ПЕТЕРБУРГ АСЦ УЧ. МАГИСТР. ДОСТАВКИ СЧЕТОВ;САНКТ-ПЕТЕРБУРГ;
200989;САНКТ-ПЕТЕРБУРГ АСЦ УЧ. СОРТИРОВКИ SRM ОТПРАВЛЕНИЙ;САНКТ-ПЕТЕРБУРГ;
200990;САНКТ-ПЕТЕРБУРГ АСЦ УЧ. НЕВОСТРЕБОВАННЫХ ПО;САНКТ-ПЕТЕРБУРГ;
200991;САНКТ-ПЕТЕРБУРГ АСЦ УЧ. ТЕХНОЛОГИЧЕСКОГО КОНТРОЛЯ;САНКТ-ПЕТЕРБУРГ;
200992;САНКТ-ПЕТЕРБУРГ АСЦ ЦЕХ ФЛЭТОВ И РПО;САНКТ-ПЕТЕРБУРГ;
200993;САНКТ-ПЕТЕРБУРГ АСЦ УЧ. РУЧН. ОБРАБ. ПИСЬМ. КОРР.;САНКТ-ПЕТЕРБУРГ;
200994;САНКТ-ПЕТЕРБУРГ АСЦ EMS;САНКТ-ПЕТЕРБУРГ;
200995;САНКТ-ПЕТЕРБУРГ АСЦ УЧ. ПРАВИТЕЛЬСТВЕННОЙ ПОЧТЫ;САНКТ-ПЕТЕРБУРГ;
200942;КИРОВСКИЙ УЧ. ПКО-1 ЗОНА-101;САНКТ-ПЕТЕРБУРГ;
200943;КИРОВСКИЙ УЧ. ПКО-2 ЗОНА-102;САНКТ-ПЕТЕРБУРГ;
200944;КИРОВСКИЙ УЧ. ПКО-3 ЗОНА-105;САНКТ-ПЕТЕРБУРГ;
200945;КИРОВСКИЙ УЧ. ПКО-4 ЗОНА-106;САНКТ-ПЕТЕРБУРГ;
200946;ПРИМОРСКИЙ УЧ. ПКО-2 ЗОНА-104;САНКТ-ПЕТЕРБУРГ;
200947;ПРИМОРСКИЙ УЧ. ПКО-1 ЗОНА-113;САНКТ-ПЕТЕРБУРГ;
200948;НЕВСКИЙ УЧ. ПКО-1 ЗОНА-111;САНКТ-ПЕТЕРБУРГ;
200949;ВЫБОРГСКИЙ УЧ. РОССЫПИ-2 ЗОНА-7;САНКТ-ПЕТЕРБУРГ;
200950;ВЫБОРГСКИЙ УЧ. РОССЫПИ-3 ЗОНА-7А;САНКТ-ПЕТЕРБУРГ;
200951;ВЫБОРГСКИЙ УЧ. РОССЫПИ-4 ЗОНА-5;САНКТ-ПЕТЕРБУРГ;
200952;ДЗЕРЖИНСКИЙ УЧ. РОССЫПИ-1 ЗОНА-2;САНКТ-ПЕТЕРБУРГ;
200954;КРАСНОГВАРДЕЙСКИЙ УЧ. РОССЫПИ-1 ЗОНА-14;САНКТ-ПЕТЕРБУРГ;
192075;САНКТ-ПЕТЕРБУРГ 75 ППС;САНКТ-ПЕТЕРБУРГ;
193169;САНКТ-ПЕТЕРБУРГ 169 ППС;САНКТ-ПЕТЕРБУРГ;
196146;САНКТ-ПЕТЕРБУРГ 146 ППС;САНКТ-ПЕТЕРБУРГ;
196157;САНКТ-ПЕТЕРБУРГ 157 ППС;САНКТ-ПЕТЕРБУРГ;
197344;САНКТ-ПЕТЕРБУРГ 344 ППС;САНКТ-ПЕТЕРБУРГ;
198331;САНКТ-ПЕТЕРБУРГ 331 ППС;САНКТ-ПЕТЕРБУРГ;
194357;САНКТ-ПЕТЕРБУРГ 357 ППС;САНКТ-ПЕТЕРБУРГ;
198321;САНКТ-ПЕТЕРБУРГ 321 ППС;САНКТ-ПЕТЕРБУРГ;
198333;САНКТ-ПЕТЕРБУРГ 333 ППС;САНКТ-ПЕТЕРБУРГ;
190918;САНКТ-ПЕТЕРБУРГ-КРАСНОГВАРДЕЙСКИЙ УООП ПК;САНКТ-ПЕТЕРБУРГ;
190919;САНКТ-ПЕТЕРБУРГ-КРАСНОГВАРДЕЙСКИЙ УООП ПРИОРИТЕТ;САНКТ-ПЕТЕРБУРГ;
197704;СЕСТРОРЕЦК 4;САНКТ-ПЕТЕРБУРГ;
194351;САНКТ-ПЕТЕРБУРГ ПВЗ;САНКТ-ПЕТЕРБУРГ;
197377;САНКТ-ПЕТЕРБУРГ ПВЗ;САНКТ-ПЕТЕРБУРГ;
198263;САНКТ-ПЕТЕРБУРГ ПВЗ;САНКТ-ПЕТЕРБУРГ;
193235;САНКТ-ПЕТЕРБУРГ ПВЗ;САНКТ-ПЕТЕРБУРГ;
198325;САНКТ-ПЕТЕРБУРГ 325;САНКТ-ПЕТЕРБУРГ;
197378;САНКТ-ПЕТЕРБУРГ ПВЗ;САНКТ-ПЕТЕРБУРГ;
190996;САНКТ-ПЕТЕРБУРГ УЧ. ВР. ХРАНЕНИЯ;САНКТ-ПЕТЕРБУРГ;
190915;САНКТ-ПЕТЕРБУРГ-КРАСНОГВАРДЕЙСКИЙ УООП;САНКТ-ПЕТЕРБУРГ;
190730;САНКТ-ПЕТЕРБУРГ АТП;САНКТ-ПЕТЕРБУРГ;
190731;САНКТ-ПЕТЕРБУРГ АТП;САНКТ-ПЕТЕРБУРГ;
190732;САНКТ-ПЕТЕРБУРГ АТП;САНКТ-ПЕТЕРБУРГ;
190879;САНКТ-ПЕТЕРБУРГ АТП;САНКТ-ПЕТЕРБУРГ;
190889;САНКТ-ПЕТЕРБУРГ АТП;САНКТ-ПЕТЕРБУРГ;
190950;САНКТ-ПЕТЕРБУРГ АТП;САНКТ-ПЕТЕРБУРГ;
200919;КРАСНОГВАРДЕЙСКИЙ УЧ. РОССЫПИ-3;САНКТ-ПЕТЕРБУРГ;
200924;КРАСНОГВАРДЕЙСКИЙ УЧ. РОССЫПИ-4;САНКТ-ПЕТЕРБУРГ;
200925;КРАСНОГВАРДЕЙСКИЙ УЧ. РОССЫПИ-5;САНКТ-ПЕТЕРБУРГ;
200926;ВСЕВОЛОЖСКИЙ УЧ. РОССЫПИ-1;САНКТ-ПЕТЕРБУРГ;
200927;ВСЕВОЛОЖСКИЙ УЧ. РОССЫПИ-2;САНКТ-ПЕТЕРБУРГ;
200928;ВСЕВОЛОЖСКИЙ УЧ. РОССЫПИ-3;САНКТ-ПЕТЕРБУРГ;
200929;ВСЕВОЛОЖСКИЙ УЧ. РОССЫПИ-4;САНКТ-ПЕТЕРБУРГ;
200958;СТАРЫЙ ПЕТЕРГОФ УЧ. РОССЫПИ-1;САНКТ-ПЕТЕРБУРГ;
200959;СТАРЫЙ ПЕТЕРГОФ УЧ. РОССЫПИ-2;САНКТ-ПЕТЕРБУРГ;
200940;ВЫБОРГСКИЙ УЧ. ПКО-1 ЗОНА-103;САНКТ-ПЕТЕРБУРГ;
200996;САНКТ-ПЕТЕРБУРГ АСЦ УЧ. ОБМЕНА ПУЛКОВО;САНКТ-ПЕТЕРБУРГ;
420029;КАЗАНЬ 29;ТАТАРСТАН РЕСПУБЛИКА;КАЗАНЬ
420030;КАЗАНЬ 30;ТАТАРСТАН РЕСПУБЛИКА;КАЗАНЬ
420032;КАЗАНЬ 32;ТАТАРСТАН РЕСПУБЛИКА;КАЗАНЬ
420033;КАЗАНЬ 33;ТАТАРСТАН РЕСПУБЛИКА;КАЗАНЬ
420034;КАЗАНЬ 34;ТАТАРСТАН РЕСПУБЛИКА;КАЗАНЬ
420036;КАЗАНЬ 36;ТАТАРСТАН РЕСПУБЛИКА;КАЗАНЬ
420037;КАЗАНЬ 37;ТАТАРСТАН РЕСПУБЛИКА;КАЗАНЬ
420039;КАЗАНЬ 39;ТАТАРСТАН РЕСПУБЛИКА;КАЗАНЬ
420043;КАЗАНЬ 43;ТАТАРСТАН РЕСПУБЛИКА;КАЗАНЬ
420044;КАЗАНЬ 44;ТАТАРСТАН РЕСПУБЛИКА;КАЗАНЬ
420025;КАЗАНЬ 25;ТАТАРСТАН РЕСПУБЛИКА;КАЗАНЬ
420000;КАЗАНЬ;ТАТАРСТАН РЕСПУБЛИКА;КАЗАНЬ
420004;КАЗАНЬ 4;ТАТАРСТАН РЕСПУБЛИКА;КАЗАНЬ
420005;КАЗАНЬ 5;ТАТАРСТАН РЕСПУБЛИКА;КАЗАНЬ
420006;КАЗАНЬ 6;ТАТАРСТАН РЕСПУБЛИКА;КАЗАНЬ
420008;КАЗАНЬ 8;ТАТАРСТАН РЕСПУБЛИКА;КАЗАНЬ
420010;КАЗАНЬ 10;ТАТАРСТАН РЕСПУБЛИКА;КАЗАНЬ
420011;КАЗАНЬ 11;ТАТАРСТАН РЕСПУБЛИКА;КАЗАНЬ
420012;КАЗАНЬ 12;ТАТАРСТАН РЕСПУБЛИКА;КАЗАНЬ
420013;КАЗАНЬ 13;ТАТАРСТАН РЕСПУБЛИКА;КАЗАНЬ
420014;КАЗАНЬ 14;ТАТАРСТАН РЕСПУБЛИКА;КАЗАНЬ
420015;КАЗАНЬ 15;ТАТАРСТАН РЕСПУБЛИКА;КАЗАНЬ
420020;КАЗАНЬ 20;ТАТАРСТАН РЕСПУБЛИКА;КАЗАНЬ
420021;КАЗАНЬ 21;ТАТАРСТАН РЕСПУБЛИКА;КАЗАНЬ
420047;КАЗАНЬ 47;ТАТАРСТАН РЕСПУБЛИКА;КАЗАНЬ
420049;КАЗАНЬ 49;ТАТАРСТАН РЕСПУБЛИКА;КАЗАНЬ
420051;КАЗАНЬ 51;ТАТАРСТАН РЕСПУБЛИКА;КАЗАНЬ
420053;КАЗАНЬ 53;ТАТАРСТАН РЕСПУБЛИКА;КАЗАНЬ
420054;КАЗАНЬ 54;ТАТАРСТАН РЕСПУБЛИКА;КАЗАНЬ
420055;КАЗАНЬ 55;ТАТАРСТАН РЕСПУБЛИКА;КАЗАНЬ
420056;КАЗАНЬ 56;ТАТАРСТАН РЕСПУБЛИКА;КАЗАНЬ
420057;КАЗАНЬ 57;ТАТАРСТАН РЕСПУБЛИКА;КАЗАНЬ
420059;КАЗАНЬ 59;ТАТАРСТАН РЕСПУБЛИКА;КАЗАНЬ
420060;КАЗАНЬ 60;ТАТАРСТАН РЕСПУБЛИКА;КАЗАНЬ
420061;КАЗАНЬ 61;ТАТАРСТАН РЕСПУБЛИКА;КАЗАНЬ
420064;КАЗАНЬ 64;ТАТАРСТАН РЕСПУБЛИКА;КАЗАНЬ
420066;КАЗАНЬ 66;ТАТАРСТАН РЕСПУБЛИКА;КАЗАНЬ
420069;КАЗАНЬ 69;ТАТАРСТАН РЕСПУБЛИКА;КАЗАНЬ
420070;КАЗАНЬ 70;ТАТАРСТАН РЕСПУБЛИКА;КАЗАНЬ
420071;КАЗАНЬ 71;ТАТАРСТАН РЕСПУБЛИКА;КАЗАНЬ
420073;КАЗАНЬ 73;ТАТАРСТАН РЕСПУБЛИКА;КАЗАНЬ
420074;КАЗАНЬ 74;ТАТАРСТАН РЕСПУБЛИКА;КАЗАНЬ
420075;КАЗАНЬ 75;ТАТАРСТАН РЕСПУБЛИКА;КАЗАНЬ
420076;КАЗАНЬ 76;ТАТАРСТАН РЕСПУБЛИКА;КАЗАНЬ
420077;КАЗАНЬ 77;ТАТАРСТАН РЕСПУБЛИКА;КАЗАНЬ
420078;КАЗАНЬ 78;ТАТАРСТАН РЕСПУБЛИКА;КАЗАНЬ
420079;КАЗАНЬ 79;ТАТАРСТАН РЕСПУБЛИКА;КАЗАНЬ
420080;КАЗАНЬ 80;ТАТАРСТАН РЕСПУБЛИКА;КАЗАНЬ
420081;КАЗАНЬ 81;ТАТАРСТАН РЕСПУБЛИКА;КАЗАНЬ
420083;КАЗАНЬ 83;ТАТАРСТАН РЕСПУБЛИКА;КАЗАНЬ
420085;КАЗАНЬ 85;ТАТАРСТАН РЕСПУБЛИКА;КАЗАНЬ
420087;КАЗАНЬ 87;ТАТАРСТАН РЕСПУБЛИКА;КАЗАНЬ
420088;КАЗАНЬ 88;ТАТАРСТАН РЕСПУБЛИКА;КАЗАНЬ
420091;КАЗАНЬ 91;ТАТАРСТАН РЕСПУБЛИКА;КАЗАНЬ
420094;КАЗАНЬ 94;ТАТАРСТАН РЕСПУБЛИКА;КАЗАНЬ
420095;КАЗАНЬ 95;ТАТАРСТАН РЕСПУБЛИКА;КАЗАНЬ
420096;КАЗАНЬ 96;ТАТАРСТАН РЕСПУБЛИКА;КАЗАНЬ
420097;КАЗАНЬ 97;ТАТАРСТАН РЕСПУБЛИКА;КАЗАНЬ
420098;КАЗАНЬ 98;ТАТАРСТАН РЕСПУБЛИКА;КАЗАНЬ
420099;КАЗАНЬ 99;ТАТАРСТАН РЕСПУБЛИКА;КАЗАНЬ
420100;КАЗАНЬ 100;ТАТАРСТАН РЕСПУБЛИКА;КАЗАНЬ
420101;КАЗАНЬ 101;ТАТАРСТАН РЕСПУБЛИКА;КАЗАНЬ
420102;КАЗАНЬ 102;ТАТАРСТАН РЕСПУБЛИКА;КАЗАНЬ
420103;КАЗАНЬ 103;ТАТАРСТАН РЕСПУБЛИКА;КАЗАНЬ
420104;КАЗАНЬ 104;ТАТАРСТАН РЕСПУБЛИКА;КАЗАНЬ
420105;КАЗАНЬ 105;ТАТАРСТАН РЕСПУБЛИКА;КАЗАНЬ
420106;КАЗАНЬ 106;ТАТАРСТАН РЕСПУБЛИКА;КАЗАНЬ
420107;КАЗАНЬ 107;ТАТАРСТАН РЕСПУБЛИКА;КАЗАНЬ
420108;КАЗАНЬ 108;ТАТАРСТАН РЕСПУБЛИКА;КАЗАНЬ
420110;КАЗАНЬ 110;ТАТАРСТАН РЕСПУБЛИКА;КАЗАНЬ
420111;КАЗАНЬ 111;ТАТАРСТАН РЕСПУБЛИКА;КАЗАНЬ
420124;КАЗАНЬ 124;ТАТАРСТАН РЕСПУБЛИКА;КАЗАНЬ
420125;КАЗАНЬ 125;ТАТАРСТАН РЕСПУБЛИКА;КАЗАНЬ
420126;КАЗАНЬ 126;ТАТАРСТАН РЕСПУБЛИКА;КАЗАНЬ
420127;КАЗАНЬ 127;ТАТАРСТАН РЕСПУБЛИКА;КАЗАНЬ
420129;КАЗАНЬ 129;ТАТАРСТАН РЕСПУБЛИКА;КАЗАНЬ
420130;КАЗАНЬ 130;ТАТАРСТАН РЕСПУБЛИКА;КАЗАНЬ
420132;КАЗАНЬ 132;ТАТАРСТАН РЕСПУБЛИКА;КАЗАНЬ
420133;КАЗАНЬ 133;ТАТАРСТАН РЕСПУБЛИКА;КАЗАНЬ
420136;КАЗАНЬ 136;ТАТАРСТАН РЕСПУБЛИКА;КАЗАНЬ
420137;КАЗАНЬ 137;ТАТАРСТАН РЕСПУБЛИКА;КАЗАНЬ
420138;КАЗАНЬ 138;ТАТАРСТАН РЕСПУБЛИКА;КАЗАНЬ
420139;КАЗАНЬ 139;ТАТАРСТАН РЕСПУБЛИКА;КАЗАНЬ
420140;КАЗАНЬ 140;ТАТАРСТАН РЕСПУБЛИКА;КАЗАНЬ
420141;КАЗАНЬ 141;ТАТАРСТАН РЕСПУБЛИКА;КАЗАНЬ
420170;КАЗАНЬ ГСП;ТАТАРСТАН РЕСПУБЛИКА;КАЗАНЬ
420199;КАЗАНЬ ПОЧТАМТ;ТАТАРСТАН РЕСПУБЛИКА;КАЗАНЬ
420202;КАЗАНЬ 202;ТАТАРСТАН РЕСПУБЛИКА;КАЗАНЬ
420880;КАЗАНЬ УКД;ТАТАРСТАН РЕСПУБЛИКА;КАЗАНЬ
420890;КАЗАНЬ МСЦ УЧ. ТАРЫ;ТАТАРСТАН РЕСПУБЛИКА;КАЗАНЬ
420203;КАЗАНЬ 203 ППС;ТАТАРСТАН РЕСПУБЛИКА;КАЗАНЬ
420196;КАЗАНЬ КЛАДОВАЯ ХРАНЕНИЯ НЕРОЗДАННЫХ ПО;ТАТАРСТАН РЕСПУБЛИКА;КАЗАНЬ
420960;КАЗАНЬ МСЦ;ТАТАРСТАН РЕСПУБЛИКА;КАЗАНЬ
420961;КАЗАНЬ МСЦ-1;ТАТАРСТАН РЕСПУБЛИКА;КАЗАНЬ
420962;КАЗАНЬ МСЦ УОПО;ТАТАРСТАН РЕСПУБЛИКА;КАЗАНЬ
420999;КАЗАНЬ МРП;ТАТАРСТАН РЕСПУБЛИКА;КАЗАНЬ
421000;КАЗАНЬ;ТАТАРСТАН РЕСПУБЛИКА;КАЗАНЬ
421001;КАЗАНЬ 1;ТАТАРСТАН РЕСПУБЛИКА;КАЗАНЬ
421700;"УФПС ""ТАТАРСТАН ПОЧТАСЫ""";ТАТАРСТАН РЕСПУБЛИКА;КАЗАНЬ
421710;ИВЦ РЕСПУБЛИКИ ТАТАРСТАН;ТАТАРСТАН РЕСПУБЛИКА;КАЗАНЬ
420181;КАЗАНЬ-АВИАСТРОИТЕЛЬНЫЙ УДПП;ТАТАРСТАН РЕСПУБЛИКА;КАЗАНЬ
420182;КАЗАНЬ-КИРОВСКИЙ УДПП;ТАТАРСТАН РЕСПУБЛИКА;КАЗАНЬ
420183;КАЗАНЬ-МОСКОВСКИЙ УДПП;ТАТАРСТАН РЕСПУБЛИКА;КАЗАНЬ
420184;КАЗАНЬ-СОВЕТСКИЙ УДПП;ТАТАРСТАН РЕСПУБЛИКА;КАЗАНЬ
420185;КАЗАНЬ-ПРИВОЛЖСКИЙ УДПП;ТАТАРСТАН РЕСПУБЛИКА;КАЗАНЬ
420150;КАЗАНЬ ПВЗ;ТАТАРСТАН РЕСПУБЛИКА;КАЗАНЬ
420068;КАЗАНЬ 68 ППС;ТАТАРСТАН РЕСПУБЛИКА;КАЗАНЬ
420142;КАЗАНЬ 142 ППС;ТАТАРСТАН РЕСПУБЛИКА;КАЗАНЬ
421706;КАЗАНЬ ЦЭП;ТАТАРСТАН РЕСПУБЛИКА;КАЗАНЬ
420996;КАЗАНЬ МРП КЛАДОВАЯ ХРАНЕНИЯ НЕРОЗДАННЫХ ПО;ТАТАРСТАН РЕСПУБЛИКА;КАЗАНЬ
421730;КАЗАНЬ АТП;ТАТАРСТАН РЕСПУБЛИКА;КАЗАНЬ
603000;НИЖНИЙ НОВГОРОД;НИЖЕГОРОДСКАЯ ОБЛАСТЬ;НИЖНИЙ НОВГОРОД
603001;НИЖНИЙ НОВГОРОД 1;НИЖЕГОРОДСКАЯ ОБЛАСТЬ;НИЖНИЙ НОВГОРОД
603002;НИЖНИЙ НОВГОРОД 2;НИЖЕГОРОДСКАЯ ОБЛАСТЬ;НИЖНИЙ НОВГОРОД
603003;НИЖНИЙ НОВГОРОД 3;НИЖЕГОРОДСКАЯ ОБЛАСТЬ;НИЖНИЙ НОВГОРОД
603004;НИЖНИЙ НОВГОРОД 4;НИЖЕГОРОДСКАЯ ОБЛАСТЬ;НИЖНИЙ НОВГОРОД
603005;НИЖНИЙ НОВГОРОД 5;НИЖЕГОРОДСКАЯ ОБЛАСТЬ;НИЖНИЙ НОВГОРОД
603006;НИЖНИЙ НОВГОРОД 6;НИЖЕГОРОДСКАЯ ОБЛАСТЬ;НИЖНИЙ НОВГОРОД
603008;НИЖНИЙ НОВГОРОД 8;НИЖЕГОРОДСКАЯ ОБЛАСТЬ;НИЖНИЙ НОВГОРОД
603009;НИЖНИЙ НОВГОРОД 9;НИЖЕГОРОДСКАЯ ОБЛАСТЬ;НИЖНИЙ НОВГОРОД
603010;НИЖНИЙ НОВГОРОД 10;НИЖЕГОРОДСКАЯ ОБЛАСТЬ;НИЖНИЙ НОВГОРОД
603011;НИЖНИЙ НОВГОРОД 11;НИЖЕГОРОДСКАЯ ОБЛАСТЬ;НИЖНИЙ НОВГОРОД
603014;НИЖНИЙ НОВГОРОД 14;НИЖЕГОРОДСКАЯ ОБЛАСТЬ;НИЖНИЙ НОВГОРОД
603016;НИЖНИЙ НОВГОРОД 16;НИЖЕГОРОДСКАЯ ОБЛАСТЬ;НИЖНИЙ НОВГОРОД
603018;НИЖНИЙ НОВГОРОД 18;НИЖЕГОРОДСКАЯ ОБЛАСТЬ;НИЖНИЙ НОВГОРОД
603022;НИЖНИЙ НОВГОРОД 22;НИЖЕГОРОДСКАЯ ОБЛАСТЬ;НИЖНИЙ НОВГОРОД
603024;НИЖНИЙ НОВГОРОД 24;НИЖЕГОРОДСКАЯ ОБЛАСТЬ;НИЖНИЙ НОВГОРОД
603028;НИЖНИЙ НОВГОРОД 28;НИЖЕГОРОДСКАЯ ОБЛАСТЬ;НИЖНИЙ НОВГОРОД
603029;НИЖНИЙ НОВГОРОД 29;НИЖЕГОРОДСКАЯ ОБЛАСТЬ;НИЖНИЙ НОВГОРОД
603032;НИЖНИЙ НОВГОРОД 32;НИЖЕГОРОДСКАЯ ОБЛАСТЬ;НИЖНИЙ НОВГОРОД
603033;НИЖНИЙ НОВГОРОД 33;НИЖЕГОРОДСКАЯ ОБЛАСТЬ;НИЖНИЙ НОВГОРОД
603034;НИЖНИЙ НОВГОРОД 34;НИЖЕГОРОДСКАЯ ОБЛАСТЬ;НИЖНИЙ НОВГОРОД
603035;НИЖНИЙ НОВГОРОД 35;НИЖЕГОРОДСКАЯ ОБЛАСТЬ;НИЖНИЙ НОВГОРОД
603037;НИЖНИЙ НОВГОРОД 37;НИЖЕГОРОДСКАЯ ОБЛАСТЬ;НИЖНИЙ НОВГОРОД
603038;НИЖНИЙ НОВГОРОД 38;НИЖЕГОРОДСКАЯ ОБЛАСТЬ;НИЖНИЙ НОВГОРОД
603040;НИЖНИЙ НОВГОРОД 40;НИЖЕГОРОДСКАЯ ОБЛАСТЬ;НИЖНИЙ НОВГОРОД
603041;НИЖНИЙ НОВГОРОД 41;НИЖЕГОРОДСКАЯ ОБЛАСТЬ;НИЖНИЙ НОВГОРОД
603043;НИЖНИЙ НОВГОРОД 43;НИЖЕГОРОДСКАЯ ОБЛАСТЬ;НИЖНИЙ НОВГОРОД
603044;НИЖНИЙ НОВГОРОД 44;НИЖЕГОРОДСКАЯ ОБЛАСТЬ;НИЖНИЙ НОВГОРОД
603047;НИЖНИЙ НОВГОРОД 47;НИЖЕГОРОДСКАЯ ОБЛАСТЬ;НИЖНИЙ НОВГОРОД
603049;НИЖНИЙ НОВГОРОД 49;НИЖЕГОРОДСКАЯ ОБЛАСТЬ;НИЖНИЙ НОВГОРОД
603050;НИЖНИЙ НОВГОРОД 50;НИЖЕГОРОДСКАЯ ОБЛАСТЬ;НИЖНИЙ НОВГОРОД
603051;НИЖНИЙ НОВГОРОД 51;НИЖЕГОРОДСКАЯ ОБЛАСТЬ;НИЖНИЙ НОВГОРОД
603052;НИЖНИЙ НОВГОРОД 52;НИЖЕГОРОДСКАЯ ОБЛАСТЬ;НИЖНИЙ НОВГОРОД
603053;НИЖНИЙ НОВГОРОД 53;НИЖЕГОРОДСКАЯ ОБЛАСТЬ;НИЖНИЙ НОВГОРОД
603054;НИЖНИЙ НОВГОРОД 54;НИЖЕГОРОДСКАЯ ОБЛАСТЬ;НИЖНИЙ НОВГОРОД
603056;НИЖНИЙ НОВГОРОД 56;НИЖЕГОРОДСКАЯ ОБЛАСТЬ;НИЖНИЙ НОВГОРОД
603057;НИЖНИЙ НОВГОРОД 57;НИЖЕГОРОДСКАЯ ОБЛАСТЬ;НИЖНИЙ НОВГОРОД
603058;НИЖНИЙ НОВГОРОД 58;НИЖЕГОРОДСКАЯ ОБЛАСТЬ;НИЖНИЙ НОВГОРОД
603059;НИЖНИЙ НОВГОРОД 59;НИЖЕГОРОДСКАЯ ОБЛАСТЬ;НИЖНИЙ НОВГОРОД
603061;НИЖНИЙ НОВГОРОД 61;НИЖЕГОРОДСКАЯ ОБЛАСТЬ;НИЖНИЙ НОВГОРОД
603062;НИЖНИЙ НОВГОРОД 62;НИЖЕГОРОДСКАЯ ОБЛАСТЬ;НИЖНИЙ НОВГОРОД
603063;НИЖНИЙ НОВГОРОД 63;НИЖЕГОРОДСКАЯ ОБЛАСТЬ;НИЖНИЙ НОВГОРОД
603064;НИЖНИЙ НОВГОРОД 64;НИЖЕГОРОДСКАЯ ОБЛАСТЬ;НИЖНИЙ НОВГОРОД
603065;НИЖНИЙ НОВГОРОД 65;НИЖЕГОРОДСКАЯ ОБЛАСТЬ;НИЖНИЙ НОВГОРОД
603066;НИЖНИЙ НОВГОРОД 66;НИЖЕГОРОДСКАЯ ОБЛАСТЬ;НИЖНИЙ НОВГОРОД
603068;НИЖНИЙ НОВГОРОД 68;НИЖЕГОРОДСКАЯ ОБЛАСТЬ;НИЖНИЙ НОВГОРОД
603069;НИЖНИЙ НОВГОРОД 69;НИЖЕГОРОДСКАЯ ОБЛАСТЬ;НИЖНИЙ НОВГОРОД
603070;НИЖНИЙ НОВГОРОД 70;НИЖЕГОРОДСКАЯ ОБЛАСТЬ;НИЖНИЙ НОВГОРОД
603071;НИЖНИЙ НОВГОРОД 71;НИЖЕГОРОДСКАЯ ОБЛАСТЬ;НИЖНИЙ НОВГОРОД
603073;НИЖНИЙ НОВГОРОД 73;НИЖЕГОРОДСКАЯ ОБЛАСТЬ;НИЖНИЙ НОВГОРОД
603074;НИЖНИЙ НОВГОРОД 74;НИЖЕГОРОДСКАЯ ОБЛАСТЬ;НИЖНИЙ НОВГОРОД
603076;НИЖНИЙ НОВГОРОД 76;НИЖЕГОРОДСКАЯ ОБЛАСТЬ;НИЖНИЙ НОВГОРОД
603079;НИЖНИЙ НОВГОРОД 79;НИЖЕГОРОДСКАЯ ОБЛАСТЬ;НИЖНИЙ НОВГОРОД
603081;НИЖНИЙ НОВГОРОД 81;НИЖЕГОРОДСКАЯ ОБЛАСТЬ;НИЖНИЙ НОВГОРОД
603082;НИЖНИЙ НОВГОРОД 82;НИЖЕГОРОДСКАЯ ОБЛАСТЬ;НИЖНИЙ НОВГОРОД
603083;НИЖНИЙ НОВГОРОД 83;НИЖЕГОРОДСКАЯ ОБЛАСТЬ;НИЖНИЙ НОВГОРОД
603086;НИЖНИЙ НОВГОРОД 86;НИЖЕГОРОДСКАЯ ОБЛАСТЬ;НИЖНИЙ НОВГОРОД
603087;НИЖНИЙ НОВГОРОД 87;НИЖЕГОРОДСКАЯ ОБЛАСТЬ;НИЖНИЙ НОВГОРОД
603089;НИЖНИЙ НОВГОРОД 89;НИЖЕГОРОДСКАЯ ОБЛАСТЬ;НИЖНИЙ НОВГОРОД
603090;НИЖНИЙ НОВГОРОД 90;НИЖЕГОРОДСКАЯ ОБЛАСТЬ;НИЖНИЙ НОВГОРОД
603092;НИЖНИЙ НОВГОРОД 92;НИЖЕГОРОДСКАЯ ОБЛАСТЬ;НИЖНИЙ НОВГОРОД
603093;НИЖНИЙ НОВГОРОД 93;НИЖЕГОРОДСКАЯ ОБЛАСТЬ;НИЖНИЙ НОВГОРОД
603094;НИЖНИЙ НОВГОРОД 94;НИЖЕГОРОДСКАЯ ОБЛАСТЬ;НИЖНИЙ НОВГОРОД
603095;НИЖНИЙ НОВГОРОД 95;НИЖЕГОРОДСКАЯ ОБЛАСТЬ;НИЖНИЙ НОВГОРОД
603096;НИЖНИЙ НОВГОРОД 96;НИЖЕГОРОДСКАЯ ОБЛАСТЬ;НИЖНИЙ НОВГОРОД
603098;НИЖНИЙ НОВГОРОД 98;НИЖЕГОРОДСКАЯ ОБЛАСТЬ;НИЖНИЙ НОВГОРОД
603101;НИЖНИЙ НОВГОРОД 101;НИЖЕГОРОДСКАЯ ОБЛАСТЬ;НИЖНИЙ НОВГОРОД
603104;НИЖНИЙ НОВГОРОД 104;НИЖЕГОРОДСКАЯ ОБЛАСТЬ;НИЖНИЙ НОВГОРОД
603105;НИЖНИЙ НОВГОРОД 105;НИЖЕГОРОДСКАЯ ОБЛАСТЬ;НИЖНИЙ НОВГОРОД
603106;НИЖНИЙ НОВГОРОД 106;НИЖЕГОРОДСКАЯ ОБЛАСТЬ;НИЖНИЙ НОВГОРОД
603107;НИЖНИЙ НОВГОРОД 107;НИЖЕГОРОДСКАЯ ОБЛАСТЬ;НИЖНИЙ НОВГОРОД
603108;НИЖНИЙ НОВГОРОД 108;НИЖЕГОРОДСКАЯ ОБЛАСТЬ;НИЖНИЙ НОВГОРОД
603109;НИЖНИЙ НОВГОРОД 109;НИЖЕГОРОДСКАЯ ОБЛАСТЬ;НИЖНИЙ НОВГОРОД
603111;НИЖНИЙ НОВГОРОД 111;НИЖЕГОРОДСКАЯ ОБЛАСТЬ;НИЖНИЙ НОВГОРОД
603115;НИЖНИЙ НОВГОРОД 115;НИЖЕГОРОДСКАЯ ОБЛАСТЬ;НИЖНИЙ НОВГОРОД
603116;НИЖНИЙ НОВГОРОД 116;НИЖЕГОРОДСКАЯ ОБЛАСТЬ;НИЖНИЙ НОВГОРОД
603117;НИЖНИЙ НОВГОРОД 117;НИЖЕГОРОДСКАЯ ОБЛАСТЬ;НИЖНИЙ НОВГОРОД
603122;НИЖНИЙ НОВГОРОД 122;НИЖЕГОРОДСКАЯ ОБЛАСТЬ;НИЖНИЙ НОВГОРОД
603123;НИЖНИЙ НОВГОРОД 123;НИЖЕГОРОДСКАЯ ОБЛАСТЬ;НИЖНИЙ НОВГОРОД
603124;НИЖНИЙ НОВГОРОД 124;НИЖЕГОРОДСКАЯ ОБЛАСТЬ;НИЖНИЙ НОВГОРОД
603126;НИЖНИЙ НОВГОРОД 126;НИЖЕГОРОДСКАЯ ОБЛАСТЬ;НИЖНИЙ НОВГОРОД
603127;НИЖНИЙ НОВГОРОД 127;НИЖЕГОРОДСКАЯ ОБЛАСТЬ;НИЖНИЙ НОВГОРОД
603128;НИЖНИЙ НОВГОРОД 128;НИЖЕГОРОДСКАЯ ОБЛАСТЬ;НИЖНИЙ НОВГОРОД
603132;НИЖНИЙ НОВГОРОД 132;НИЖЕГОРОДСКАЯ ОБЛАСТЬ;НИЖНИЙ НОВГОРОД
603134;НИЖНИЙ НОВГОРОД 134;НИЖЕГОРОДСКАЯ ОБЛАСТЬ;НИЖНИЙ НОВГОРОД
603135;НИЖНИЙ НОВГОРОД 135;НИЖЕГОРОДСКАЯ ОБЛАСТЬ;НИЖНИЙ НОВГОРОД
603136;НИЖНИЙ НОВГОРОД 136;НИЖЕГОРОДСКАЯ ОБЛАСТЬ;НИЖНИЙ НОВГОРОД
603137;НИЖНИЙ НОВГОРОД 137;НИЖЕГОРОДСКАЯ ОБЛАСТЬ;НИЖНИЙ НОВГОРОД
603138;НИЖНИЙ НОВГОРОД 138;НИЖЕГОРОДСКАЯ ОБЛАСТЬ;НИЖНИЙ НОВГОРОД
603139;НИЖНИЙ НОВГОРОД 139;НИЖЕГОРОДСКАЯ ОБЛАСТЬ;НИЖНИЙ НОВГОРОД
603140;НИЖНИЙ НОВГОРОД 140;НИЖЕГОРОДСКАЯ ОБЛАСТЬ;НИЖНИЙ НОВГОРОД
603141;НИЖНИЙ НОВГОРОД 141;НИЖЕГОРОДСКАЯ ОБЛАСТЬ;НИЖНИЙ НОВГОРОД
603142;НИЖНИЙ НОВГОРОД 142;НИЖЕГОРОДСКАЯ ОБЛАСТЬ;НИЖНИЙ НОВГОРОД
603144;НИЖНИЙ НОВГОРОД 144;НИЖЕГОРОДСКАЯ ОБЛАСТЬ;НИЖНИЙ НОВГОРОД
603145;НИЖНИЙ НОВГОРОД 145;НИЖЕГОРОДСКАЯ ОБЛАСТЬ;НИЖНИЙ НОВГОРОД
603146;НИЖНИЙ НОВГОРОД 146;НИЖЕГОРОДСКАЯ ОБЛАСТЬ;НИЖНИЙ НОВГОРОД
603147;НИЖНИЙ НОВГОРОД 147;НИЖЕГОРОДСКАЯ ОБЛАСТЬ;НИЖНИЙ НОВГОРОД
603148;НИЖНИЙ НОВГОРОД 148;НИЖЕГОРОДСКАЯ ОБЛАСТЬ;НИЖНИЙ НОВГОРОД
603152;НИЖНИЙ НОВГОРОД 152;НИЖЕГОРОДСКАЯ ОБЛАСТЬ;НИЖНИЙ НОВГОРОД
603155;НИЖНИЙ НОВГОРОД 155;НИЖЕГОРОДСКАЯ ОБЛАСТЬ;НИЖНИЙ НОВГОРОД
603157;НИЖНИЙ НОВГОРОД 157;НИЖЕГОРОДСКАЯ ОБЛАСТЬ;НИЖНИЙ НОВГОРОД
603158;НИЖНИЙ НОВГОРОД 158;НИЖЕГОРОДСКАЯ ОБЛАСТЬ;НИЖНИЙ НОВГОРОД
603159;НИЖНИЙ НОВГОРОД 159;НИЖЕГОРОДСКАЯ ОБЛАСТЬ;НИЖНИЙ НОВГОРОД
603162;НИЖНИЙ НОВГОРОД 162;НИЖЕГОРОДСКАЯ ОБЛАСТЬ;НИЖНИЙ НОВГОРОД
603163;НИЖНИЙ НОВГОРОД 163;НИЖЕГОРОДСКАЯ ОБЛАСТЬ;НИЖНИЙ НОВГОРОД
603167;НИЖНИЙ НОВГОРОД 167;НИЖЕГОРОДСКАЯ ОБЛАСТЬ;НИЖНИЙ НОВГОРОД
603190;НИЖНИЙ НОВГОРОД ГСП;НИЖЕГОРОДСКАЯ ОБЛАСТЬ;НИЖНИЙ НОВГОРОД
603199;НИЖНИЙ НОВГОРОД ПОЧТАМТ;НИЖЕГОРОДСКАЯ ОБЛАСТЬ;НИЖНИЙ НОВГОРОД
603700;УФПС НИЖЕГОРОДСКОЙ ОБЛАСТИ;НИЖЕГОРОДСКАЯ ОБЛАСТЬ;НИЖНИЙ НОВГОРОД
603197;НИЖНИЙ НОВГОРОД КЛАДОВАЯ ХРАНЕНИЯ НЕРОЗДАННЫХ ЗАКАЗНЫХ ПО;НИЖЕГОРОДСКАЯ ОБЛАСТЬ;НИЖНИЙ НОВГОРОД
603710;ИВЦ НИЖЕГОРОДСКОЙ ОБЛАСТИ;НИЖЕГОРОДСКАЯ ОБЛАСТЬ;НИЖНИЙ НОВГОРОД
603880;НИЖНИЙ НОВГОРОД УКД;НИЖЕГОРОДСКАЯ ОБЛАСТЬ;НИЖНИЙ НОВГОРОД
603881;НИЖНИЙ НОВГОРОД УКД УОТП;НИЖЕГОРОДСКАЯ ОБЛАСТЬ;НИЖНИЙ НОВГОРОД
603890;НИЖНИЙ НОВГОРОД МСЦ УЧ. ТАРЫ;НИЖЕГОРОДСКАЯ ОБЛАСТЬ;НИЖНИЙ НОВГОРОД
603899;НИЖНИЙ НОВГОРОД ПОЧТАМТ УЧ. ТАРЫ;НИЖЕГОРОДСКАЯ ОБЛАСТЬ;НИЖНИЙ НОВГОРОД
603901;БЕРЕЗОВАЯ ПОЙМА;НИЖЕГОРОДСКАЯ ОБЛАСТЬ;НИЖНИЙ НОВГОРОД
603902;ЗЕЛЕНЫЙ ГОРОД;НИЖЕГОРОДСКАЯ ОБЛАСТЬ;НИЖНИЙ НОВГОРОД
603903;ЗЕЛЕНЫЙ ГОРОД 1;НИЖЕГОРОДСКАЯ ОБЛАСТЬ;НИЖНИЙ НОВГОРОД
603950;НИЖНИЙ НОВГОРОД ПЖДП;НИЖЕГОРОДСКАЯ ОБЛАСТЬ;НИЖНИЙ НОВГОРОД
603951;НИЖНИЙ НОВГОРОД 951;НИЖЕГОРОДСКАЯ ОБЛАСТЬ;НИЖНИЙ НОВГОРОД
603952;НИЖНИЙ НОВГОРОД ГСП;НИЖЕГОРОДСКАЯ ОБЛАСТЬ;НИЖНИЙ НОВГОРОД
603892;НИЖНИЙ НОВГОРОД ПОЧТАМТ УДПП-2;НИЖЕГОРОДСКАЯ ОБЛАСТЬ;НИЖНИЙ НОВГОРОД
603893;НИЖНИЙ НОВГОРОД ПОЧТАМТ УДПП-3;НИЖЕГОРОДСКАЯ ОБЛАСТЬ;НИЖНИЙ НОВГОРОД
603894;НИЖНИЙ НОВГОРОД ПОЧТАМТ УДПП-4;НИЖЕГОРОДСКАЯ ОБЛАСТЬ;НИЖНИЙ НОВГОРОД
603895;НИЖНИЙ НОВГОРОД ПОЧТАМТ УДПП-5;НИЖЕГОРОДСКАЯ ОБЛАСТЬ;НИЖНИЙ НОВГОРОД
603896;НИЖНИЙ НОВГОРОД ПОЧТАМТ УДПП-6;НИЖЕГОРОДСКАЯ ОБЛАСТЬ;НИЖНИЙ НОВГОРОД
603897;НИЖНИЙ НОВГОРОД ПОЧТАМТ УДПП-7;НИЖЕГОРОДСКАЯ ОБЛАСТЬ;НИЖНИЙ НОВГОРОД
603898;НИЖНИЙ НОВГОРОД ПОЧТАМТ УДПП-8;НИЖЕГОРОДСКАЯ ОБЛАСТЬ;НИЖНИЙ НОВГОРОД
603959;НИЖНИЙ НОВГОРОД ПЖДП УЧ. ТАРЫ;НИЖЕГОРОДСКАЯ ОБЛАСТЬ;НИЖНИЙ НОВГОРОД
603960;НИЖНИЙ НОВГОРОД МСЦ;НИЖЕГОРОДСКАЯ ОБЛАСТЬ;НИЖНИЙ НОВГОРОД
603961;НИЖНИЙ НОВГОРОД МСЦ-1;НИЖЕГОРОДСКАЯ ОБЛАСТЬ;НИЖНИЙ НОВГОРОД
603962;НИЖНИЙ НОВГОРОД МСЦ ЦОПО;НИЖЕГОРОДСКАЯ ОБЛАСТЬ;НИЖНИЙ НОВГОРОД
603963;НИЖНИЙ НОВГОРОД МСЦ ЦОСПО;НИЖЕГОРОДСКАЯ ОБЛАСТЬ;НИЖНИЙ НОВГОРОД
603964;НИЖНИЙ НОВГОРОД МСЦ УОПП;НИЖЕГОРОДСКАЯ ОБЛАСТЬ;НИЖНИЙ НОВГОРОД
603965;НИЖНИЙ НОВГОРОД МСЦ УОСП;НИЖЕГОРОДСКАЯ ОБЛАСТЬ;НИЖНИЙ НОВГОРОД
607613;НОВИНКИ;НИЖЕГОРОДСКАЯ ОБЛАСТЬ;НИЖНИЙ НОВГОРОД
607630;КУДЬМА;НИЖЕГОРОДСКАЯ ОБЛАСТЬ;НИЖНИЙ НОВГОРОД
607635;НОВИНКИ;НИЖЕГОРОДСКАЯ ОБЛАСТЬ;НИЖНИЙ НОВГОРОД
603966;НИЖНИЙ НОВГОРОД МСЦ ПК;НИЖЕГОРОДСКАЯ ОБЛАСТЬ;НИЖНИЙ НОВГОРОД
603967;НИЖНИЙ НОВГОРОД МСЦ ПРИОРИТЕТ;НИЖЕГОРОДСКАЯ ОБЛАСТЬ;НИЖНИЙ НОВГОРОД
603891;НИЖНИЙ НОВГОРОД ПОЧТАМТ УДПП-1;НИЖЕГОРОДСКАЯ ОБЛАСТЬ;НИЖНИЙ НОВГОРОД
603196;НИЖНИЙ НОВГОРОД КЛАДОВАЯ ХРАНЕНИЯ НЕРОЗДАННЫХ ПО;НИЖЕГОРОДСКАЯ ОБЛАСТЬ;НИЖНИЙ НОВГОРОД
603730;НИЖНИЙ НОВГОРОД АТП;НИЖЕГОРОДСКАЯ ОБЛАСТЬ;НИЖНИЙ НОВГОРОД
423800;НАБЕРЕЖНЫЕ ЧЕЛНЫ;ТАТАРСТАН РЕСПУБЛИКА;НАБЕРЕЖНЫЕ ЧЕЛНЫ
423801;НАБЕРЕЖНЫЕ ЧЕЛНЫ 1;ТАТАРСТАН РЕСПУБЛИКА;НАБЕРЕЖНЫЕ ЧЕЛНЫ
423802;НАБЕРЕЖНЫЕ ЧЕЛНЫ 2;ТАТАРСТАН РЕСПУБЛИКА;НАБЕРЕЖНЫЕ ЧЕЛНЫ
423803;НАБЕРЕЖНЫЕ ЧЕЛНЫ 3;ТАТАРСТАН РЕСПУБЛИКА;НАБЕРЕЖНЫЕ ЧЕЛНЫ
423805;НАБЕРЕЖНЫЕ ЧЕЛНЫ 5;ТАТАРСТАН РЕСПУБЛИКА;НАБЕРЕЖНЫЕ ЧЕЛНЫ
423806;НАБЕРЕЖНЫЕ ЧЕЛНЫ 6;ТАТАРСТАН РЕСПУБЛИКА;НАБЕРЕЖНЫЕ ЧЕЛНЫ
423807;НАБЕРЕЖНЫЕ ЧЕЛНЫ 7;ТАТАРСТАН РЕСПУБЛИКА;НАБЕРЕЖНЫЕ ЧЕЛНЫ
423808;НАБЕРЕЖНЫЕ ЧЕЛНЫ 8;ТАТАРСТАН РЕСПУБЛИКА;НАБЕРЕЖНЫЕ ЧЕЛНЫ
423809;НАБЕРЕЖНЫЕ ЧЕЛНЫ 9;ТАТАРСТАН РЕСПУБЛИКА;НАБЕРЕЖНЫЕ ЧЕЛНЫ
423810;НАБЕРЕЖНЫЕ ЧЕЛНЫ 10;ТАТАРСТАН РЕСПУБЛИКА;НАБЕРЕЖНЫЕ ЧЕЛНЫ
423812;НАБЕРЕЖНЫЕ ЧЕЛНЫ 12;ТАТАРСТАН РЕСПУБЛИКА;НАБЕРЕЖНЫЕ ЧЕЛНЫ
423813;НАБЕРЕЖНЫЕ ЧЕЛНЫ 13 ППС;ТАТАРСТАН РЕСПУБЛИКА;НАБЕРЕЖНЫЕ ЧЕЛНЫ
423814;НАБЕРЕЖНЫЕ ЧЕЛНЫ 14;ТАТАРСТАН РЕСПУБЛИКА;НАБЕРЕЖНЫЕ ЧЕЛНЫ
423815;НАБЕРЕЖНЫЕ ЧЕЛНЫ 15;ТАТАРСТАН РЕСПУБЛИКА;НАБЕРЕЖНЫЕ ЧЕЛНЫ
423816;НАБЕРЕЖНЫЕ ЧЕЛНЫ 16;ТАТАРСТАН РЕСПУБЛИКА;НАБЕРЕЖНЫЕ ЧЕЛНЫ
423804;НАБЕРЕЖНЫЕ ЧЕЛНЫ ППС;ТАТАРСТАН РЕСПУБЛИКА;НАБЕРЕЖНЫЕ ЧЕЛНЫ
423818;НАБЕРЕЖНЫЕ ЧЕЛНЫ 18;ТАТАРСТАН РЕСПУБЛИКА;НАБЕРЕЖНЫЕ ЧЕЛНЫ
423819;НАБЕРЕЖНЫЕ ЧЕЛНЫ 19;ТАТАРСТАН РЕСПУБЛИКА;НАБЕРЕЖНЫЕ ЧЕЛНЫ
423820;НАБЕРЕЖНЫЕ ЧЕЛНЫ 20;ТАТАРСТАН РЕСПУБЛИКА;НАБЕРЕЖНЫЕ ЧЕЛНЫ
423821;НАБЕРЕЖНЫЕ ЧЕЛНЫ 21;ТАТАРСТАН РЕСПУБЛИКА;НАБЕРЕЖНЫЕ ЧЕЛНЫ
423822;НАБЕРЕЖНЫЕ ЧЕЛНЫ 22;ТАТАРСТАН РЕСПУБЛИКА;НАБЕРЕЖНЫЕ ЧЕЛНЫ
423823;НАБЕРЕЖНЫЕ ЧЕЛНЫ 23;ТАТАРСТАН РЕСПУБЛИКА;НАБЕРЕЖНЫЕ ЧЕЛНЫ
423824;НАБЕРЕЖНЫЕ ЧЕЛНЫ 24;ТАТАРСТАН РЕСПУБЛИКА;НАБЕРЕЖНЫЕ ЧЕЛНЫ
423825;НАБЕРЕЖНЫЕ ЧЕЛНЫ 25;ТАТАРСТАН РЕСПУБЛИКА;НАБЕРЕЖНЫЕ ЧЕЛНЫ
423826;НАБЕРЕЖНЫЕ ЧЕЛНЫ 26;ТАТАРСТАН РЕСПУБЛИКА;НАБЕРЕЖНЫЕ ЧЕЛНЫ
423827;НАБЕРЕЖНЫЕ ЧЕЛНЫ 27;ТАТАРСТАН РЕСПУБЛИКА;НАБЕРЕЖНЫЕ ЧЕЛНЫ
423828;НАБЕРЕЖНЫЕ ЧЕЛНЫ 28;ТАТАРСТАН РЕСПУБЛИКА;НАБЕРЕЖНЫЕ ЧЕЛНЫ
423831;НАБЕРЕЖНЫЕ ЧЕЛНЫ 31;ТАТАРСТАН РЕСПУБЛИКА;НАБЕРЕЖНЫЕ ЧЕЛНЫ
423832;НАБЕРЕЖНЫЕ ЧЕЛНЫ 32;ТАТАРСТАН РЕСПУБЛИКА;НАБЕРЕЖНЫЕ ЧЕЛНЫ
423834;НАБЕРЕЖНЫЕ ЧЕЛНЫ 34;ТАТАРСТАН РЕСПУБЛИКА;НАБЕРЕЖНЫЕ ЧЕЛНЫ
423838;НАБЕРЕЖНЫЕ ЧЕЛНЫ 38;ТАТАРСТАН РЕСПУБЛИКА;НАБЕРЕЖНЫЕ ЧЕЛНЫ
423840;НАБЕРЕЖНЫЕ ЧЕЛНЫ ГСП;ТАТАРСТАН РЕСПУБЛИКА;НАБЕРЕЖНЫЕ ЧЕЛНЫ
423846;НАБЕРЕЖНЫЕ ЧЕЛНЫ 46;ТАТАРСТАН РЕСПУБЛИКА;НАБЕРЕЖНЫЕ ЧЕЛНЫ
423847;НАБЕРЕЖНЫЕ ЧЕЛНЫ 47;ТАТАРСТАН РЕСПУБЛИКА;НАБЕРЕЖНЫЕ ЧЕЛНЫ
423849;НАБЕРЕЖНЫЕ ЧЕЛНЫ МРП;ТАТАРСТАН РЕСПУБЛИКА;НАБЕРЕЖНЫЕ ЧЕЛНЫ
423850;НАБЕРЕЖНЫЕ ЧЕЛНЫ УКД;ТАТАРСТАН РЕСПУБЛИКА;НАБЕРЕЖНЫЕ ЧЕЛНЫ
423842;НАБЕРЕЖНЫЕ ЧЕЛНЫ УДПП;ТАТАРСТАН РЕСПУБЛИКА;НАБЕРЕЖНЫЕ ЧЕЛНЫ
423836;НАБЕРЕЖНЫЕ ЧЕЛНЫ КЛАДОВАЯ ХРАНЕНИЯ НЕРОЗДАННЫХ ПО;ТАТАРСТАН РЕСПУБЛИКА;НАБЕРЕЖНЫЕ ЧЕЛНЫ
423837;НАБЕРЕЖНЫЕ ЧЕЛНЫ УООП;ТАТАРСТАН РЕСПУБЛИКА;НАБЕРЕЖНЫЕ ЧЕЛНЫ
423858;НАБЕРЕЖНЫЕ ЧЕЛНЫ УООП ПК;ТАТАРСТАН РЕСПУБЛИКА;НАБЕРЕЖНЫЕ ЧЕЛНЫ
423859;НАБЕРЕЖНЫЕ ЧЕЛНЫ УООП ПРИОРИТЕТ;ТАТАРСТАН РЕСПУБЛИКА;НАБЕРЕЖНЫЕ ЧЕЛНЫ
423856;НАБЕРЕЖНЫЕ ЧЕЛНЫ АТП;ТАТАРСТАН РЕСПУБЛИКА;НАБЕРЕЖНЫЕ ЧЕЛНЫ
350000;КРАСНОДАР;КРАСНОДАРСКИЙ КРАЙ;КРАСНОДАР
350001;КРАСНОДАР 1;КРАСНОДАРСКИЙ КРАЙ;КРАСНОДАР
350002;КРАСНОДАР 2;КРАСНОДАРСКИЙ КРАЙ;КРАСНОДАР
350003;КРАСНОДАР 3;КРАСНОДАРСКИЙ КРАЙ;КРАСНОДАР
350004;КРАСНОДАР 4;КРАСНОДАРСКИЙ КРАЙ;КРАСНОДАР
350005;КРАСНОДАР 5;КРАСНОДАРСКИЙ КРАЙ;КРАСНОДАР
350007;КРАСНОДАР 7;КРАСНОДАРСКИЙ КРАЙ;КРАСНОДАР
350010;КРАСНОДАР 10;КРАСНОДАРСКИЙ КРАЙ;КРАСНОДАР
350011;КРАСНОДАР 11;КРАСНОДАРСКИЙ КРАЙ;КРАСНОДАР
350012;КРАСНОДАР 12;КРАСНОДАРСКИЙ КРАЙ;КРАСНОДАР
350014;КРАСНОДАР 14;КРАСНОДАРСКИЙ КРАЙ;КРАСНОДАР
350015;КРАСНОДАР 15;КРАСНОДАРСКИЙ КРАЙ;КРАСНОДАР
350016;КРАСНОДАР 16;КРАСНОДАРСКИЙ КРАЙ;КРАСНОДАР
350018;КРАСНОДАР 18;КРАСНОДАРСКИЙ КРАЙ;КРАСНОДАР
350019;КРАСНОДАР 19;КРАСНОДАРСКИЙ КРАЙ;КРАСНОДАР
350020;КРАСНОДАР 20;КРАСНОДАРСКИЙ КРАЙ;КРАСНОДАР
350022;КРАСНОДАР 22;КРАСНОДАРСКИЙ КРАЙ;КРАСНОДАР
350023;КРАСНОДАР 23;КРАСНОДАРСКИЙ КРАЙ;КРАСНОДАР
350024;КРАСНОДАР 24;КРАСНОДАРСКИЙ КРАЙ;КРАСНОДАР
350028;КРАСНОДАР 28;КРАСНОДАРСКИЙ КРАЙ;КРАСНОДАР
350031;БЕРЕЗОВЫЙ;КРАСНОДАРСКИЙ КРАЙ;КРАСНОДАР
350032;ЛАЗУРНЫЙ;КРАСНОДАРСКИЙ КРАЙ;КРАСНОДАР
350033;КРАСНОДАР 33;КРАСНОДАРСКИЙ КРАЙ;КРАСНОДАР
350035;КРАСНОДАР 35;КРАСНОДАРСКИЙ КРАЙ;КРАСНОДАР
350037;ЛЕНИНА;КРАСНОДАРСКИЙ КРАЙ;КРАСНОДАР
350038;КРАСНОДАР 38;КРАСНОДАРСКИЙ КРАЙ;КРАСНОДАР
350039;КРАСНОДАР 39;КРАСНОДАРСКИЙ КРАЙ;КРАСНОДАР
350040;КРАСНОДАР 40;КРАСНОДАРСКИЙ КРАЙ;КРАСНОДАР
350042;КРАСНОДАР 42;КРАСНОДАРСКИЙ КРАЙ;КРАСНОДАР
350044;КРАСНОДАР 44;КРАСНОДАРСКИЙ КРАЙ;КРАСНОДАР
350047;КРАСНОДАР 47;КРАСНОДАРСКИЙ КРАЙ;КРАСНОДАР
350049;КРАСНОДАР 49;КРАСНОДАРСКИЙ КРАЙ;КРАСНОДАР
350051;КРАСНОДАР 51;КРАСНОДАРСКИЙ КРАЙ;КРАСНОДАР
350053;КОЛОСИСТЫЙ;КРАСНОДАРСКИЙ КРАЙ;КРАСНОДАР
350055;ЗНАМЕНСКИЙ;КРАСНОДАРСКИЙ КРАЙ;КРАСНОДАР
350056;ИНДУСТРИАЛЬНЫЙ;КРАСНОДАРСКИЙ КРАЙ;КРАСНОДАР
350058;КРАСНОДАР 58;КРАСНОДАРСКИЙ КРАЙ;КРАСНОДАР
350059;КРАСНОДАР 59;КРАСНОДАРСКИЙ КРАЙ;КРАСНОДАР
350060;ЛОРИС;КРАСНОДАРСКИЙ КРАЙ;КРАСНОДАР
350061;КРАСНОДАР 61;КРАСНОДАРСКИЙ КРАЙ;КРАСНОДАР
350062;КРАСНОДАР 62;КРАСНОДАРСКИЙ КРАЙ;КРАСНОДАР
350063;КРАСНОДАР 63;КРАСНОДАРСКИЙ КРАЙ;КРАСНОДАР
350064;КРАСНОДАР 64;КРАСНОДАРСКИЙ КРАЙ;КРАСНОДАР
350065;КРАСНОДАР 65;КРАСНОДАРСКИЙ КРАЙ;КРАСНОДАР
350066;КРАСНОДАР 66;КРАСНОДАРСКИЙ КРАЙ;КРАСНОДАР
350067;КРАСНОДАР;КРАСНОДАРСКИЙ КРАЙ;КРАСНОДАР
350072;КРАСНОДАР 72;КРАСНОДАРСКИЙ КРАЙ;КРАСНОДАР
350073;КРАСНОДАРСКИЙ;КРАСНОДАРСКИЙ КРАЙ;КРАСНОДАР
350075;КРАСНОДАР 75;КРАСНОДАРСКИЙ КРАЙ;КРАСНОДАР
350077;ОТДЕЛЕНИЯ N2 СКЗНИИСИВ;КРАСНОДАРСКИЙ КРАЙ;КРАСНОДАР
350078;КРАСНОДАР 78;КРАСНОДАРСКИЙ КРАЙ;КРАСНОДАР
350080;КРАСНОДАР 80;КРАСНОДАРСКИЙ КРАЙ;КРАСНОДАР
350086;КРАСНОДАР 86;КРАСНОДАРСКИЙ КРАЙ;КРАСНОДАР
350087;КРАСНОДАР 87;КРАСНОДАРСКИЙ КРАЙ;КРАСНОДАР
350088;КРАСНОДАР 88;КРАСНОДАРСКИЙ КРАЙ;КРАСНОДАР
350089;КРАСНОДАР 89;КРАСНОДАРСКИЙ КРАЙ;КРАСНОДАР
350090;КРАСНОДАР 90;КРАСНОДАРСКИЙ КРАЙ;КРАСНОДАР
350300;КРАСНОДАР ЛПЦ;КРАСНОДАРСКИЙ КРАЙ;КРАСНОДАР
350302;КРАСНОДАР ЛПЦ ЦЕХ ЛОГИСТИКИ;КРАСНОДАРСКИЙ КРАЙ;КРАСНОДАР
350303;КРАСНОДАР ЛПЦ ЦОСПП;КРАСНОДАРСКИЙ КРАЙ;КРАСНОДАР
350304;КРАСНОДАР ЛПЦ ЦОПК;КРАСНОДАРСКИЙ КРАЙ;КРАСНОДАР
350305;КРАСНОДАР ЛПЦ УРОСПП;КРАСНОДАРСКИЙ КРАЙ;КРАСНОДАР
350307;КРАСНОДАР ЛПЦ УЧ. ПРИОРИТЕТНОЙ ПОЧТЫ;КРАСНОДАРСКИЙ КРАЙ;КРАСНОДАР
350309;КРАСНОДАР ЛПЦ УЧ. ТАРЫ;КРАСНОДАРСКИЙ КРАЙ;КРАСНОДАР
350320;КРАСНОДАР ЛПЦ УТК;КРАСНОДАРСКИЙ КРАЙ;КРАСНОДАР
350322;КРАСНОДАР ЛПЦ SPS-4-CM;КРАСНОДАРСКИЙ КРАЙ;КРАСНОДАР
350700;УФПС КРАСНОДАРСКОГО КРАЯ;КРАСНОДАРСКИЙ КРАЙ;КРАСНОДАР
350880;КРАСНОДАР УКД;КРАСНОДАРСКИЙ КРАЙ;КРАСНОДАР
350890;КРАСНОДАР МСЦ УЧ. ТАРЫ;КРАСНОДАРСКИЙ КРАЙ;КРАСНОДАР
350899;КРАСНОДАР ПОЧТАМТ УЧ. ТАРЫ;КРАСНОДАРСКИЙ КРАЙ;КРАСНОДАР
350900;КРАСНОДАР;КРАСНОДАРСКИЙ КРАЙ;КРАСНОДАР
350901;КРАСНОДАР;КРАСНОДАРСКИЙ КРАЙ;КРАСНОДАР
350902;ЗНАМЕНСКИЙ;КРАСНОДАРСКИЙ КРАЙ;КРАСНОДАР
350904;КОПАНСКОЙ;КРАСНОДАРСКИЙ КРАЙ;КРАСНОДАР
350906;КРАСНОДАР;КРАСНОДАРСКИЙ КРАЙ;КРАСНОДАР
350908;СТАРОКОРСУНСКАЯ;КРАСНОДАРСКИЙ КРАЙ;КРАСНОДАР
350909;СТАРОКОРСУНСКАЯ 1;КРАСНОДАРСКИЙ КРАЙ;КРАСНОДАР
350910;КРАСНОДАР;КРАСНОДАРСКИЙ КРАЙ;КРАСНОДАР
350911;КРАСНОДАР;КРАСНОДАРСКИЙ КРАЙ;КРАСНОДАР
350912;КРАСНОДАР;КРАСНОДАРСКИЙ КРАЙ;КРАСНОДАР
350915;ЕЛИЗАВЕТИНСКАЯ;КРАСНОДАРСКИЙ КРАЙ;КРАСНОДАР
350916;ЕЛИЗАВЕТИНСКАЯ 1;КРАСНОДАРСКИЙ КРАЙ;КРАСНОДАР
350921;БЕЛОЗЕРНЫЙ;КРАСНОДАРСКИЙ КРАЙ;КРАСНОДАР
350960;КРАСНОДАР МСЦ;КРАСНОДАРСКИЙ КРАЙ;КРАСНОДАР
350961;КРАСНОДАР МСЦ-1;КРАСНОДАРСКИЙ КРАЙ;КРАСНОДАР
350963;КРАСНОДАР МСЦ ЦОСОП;КРАСНОДАРСКИЙ КРАЙ;КРАСНОДАР
350964;КРАСНОДАР МСЦ ЦОСП;КРАСНОДАРСКИЙ КРАЙ;КРАСНОДАР
350965;КРАСНОДАР МСЦ УОАП;КРАСНОДАРСКИЙ КРАЙ;КРАСНОДАР
350999;КРАСНОДАР ПОЧТАМТ;КРАСНОДАРСКИЙ КРАЙ;КРАСНОДАР
350968;КРАСНОДАР МСЦ КЛАДОВАЯ ХРАНЕНИЯ НЕРОЗДАННЫХ ПО;КРАСНОДАРСКИЙ КРАЙ;КРАСНОДАР
350966;КРАСНОДАР МСЦ ПК;КРАСНОДАРСКИЙ КРАЙ;КРАСНОДАР
350967;КРАСНОДАР МСЦ ПРИОРИТЕТ;КРАСНОДАРСКИЙ КРАЙ;КРАСНОДАР
350898;КРАСНОДАР КЛАДОВАЯ ХРАНЕНИЯ НЕРОЗДАННЫХ ПО;КРАСНОДАРСКИЙ КРАЙ;КРАСНОДАР
350907;КРАСНОДАР;КРАСНОДАРСКИЙ КРАЙ;КРАСНОДАР
350730;КРАСНОДАР АТП;КРАСНОДАРСКИЙ КРАЙ;КРАСНОДАР
350710;ИВЦ КРАСНОДАРСКОГО КРАЯ;КРАСНОДАРСКИЙ КРАЙ;КРАСНОДАР
354031;СОЧИ 31;КРАСНОДАРСКИЙ КРАЙ;СОЧИ
354033;СОЧИ 33;КРАСНОДАРСКИЙ КРАЙ;СОЧИ
354036;СОЧИ 36;КРАСНОДАРСКИЙ КРАЙ;СОЧИ
354037;СОЧИ 37;КРАСНОДАРСКИЙ КРАЙ;СОЧИ
354039;СОЧИ 39;КРАСНОДАРСКИЙ КРАЙ;СОЧИ
354053;СОЧИ 53;КРАСНОДАРСКИЙ КРАЙ;СОЧИ
354054;СОЧИ 54;КРАСНОДАРСКИЙ КРАЙ;СОЧИ
354025;СОЧИ 25;КРАСНОДАРСКИЙ КРАЙ;СОЧИ
354030;СОЧИ 30;КРАСНОДАРСКИЙ КРАЙ;СОЧИ
354000;СОЧИ;КРАСНОДАРСКИЙ КРАЙ;СОЧИ
354002;СОЧИ 2;КРАСНОДАРСКИЙ КРАЙ;СОЧИ
354003;СОЧИ 3;КРАСНОДАРСКИЙ КРАЙ;СОЧИ
354004;СОЧИ 4;КРАСНОДАРСКИЙ КРАЙ;СОЧИ
354008;СОЧИ 8;КРАСНОДАРСКИЙ КРАЙ;СОЧИ
354009;СОЧИ 9;КРАСНОДАРСКИЙ КРАЙ;СОЧИ
354010;СОЧИ 10;КРАСНОДАРСКИЙ КРАЙ;СОЧИ
354013;СОЧИ 13;КРАСНОДАРСКИЙ КРАЙ;СОЧИ
354014;СОЧИ 14;КРАСНОДАРСКИЙ КРАЙ;СОЧИ
354018;СОЧИ 18;КРАСНОДАРСКИЙ КРАЙ;СОЧИ
354019;СОЧИ 19;КРАСНОДАРСКИЙ КРАЙ;СОЧИ
354022;СОЧИ 22;КРАСНОДАРСКИЙ КРАЙ;СОЧИ
354024;СОЧИ 24;КРАСНОДАРСКИЙ КРАЙ;СОЧИ
354055;СОЧИ 55;КРАСНОДАРСКИЙ КРАЙ;СОЧИ
354057;СОЧИ 57;КРАСНОДАРСКИЙ КРАЙ;СОЧИ
354059;СОЧИ 59;КРАСНОДАРСКИЙ КРАЙ;СОЧИ
354061;СОЧИ 61;КРАСНОДАРСКИЙ КРАЙ;СОЧИ
354064;КРАЕВСКО-АРМЯНСКОЕ;КРАСНОДАРСКИЙ КРАЙ;СОЧИ
354065;СОЧИ 65;КРАСНОДАРСКИЙ КРАЙ;СОЧИ
354066;СОЧИ 66;КРАСНОДАРСКИЙ КРАЙ;СОЧИ
354067;СОЧИ 67;КРАСНОДАРСКИЙ КРАЙ;СОЧИ
354068;СОЧИ 68;КРАСНОДАРСКИЙ КРАЙ;СОЧИ
354071;СОЧИ 71;КРАСНОДАРСКИЙ КРАЙ;СОЧИ
354073;СОЧИ 73;КРАСНОДАРСКИЙ КРАЙ;СОЧИ
354081;ПРОГРЕСС;КРАСНОДАРСКИЙ КРАЙ;СОЧИ
354084;СОЧИ 84;КРАСНОДАРСКИЙ КРАЙ;СОЧИ
354090;СОЧИ УКД;КРАСНОДАРСКИЙ КРАЙ;СОЧИ
354091;СОЧИ-АДЛЕР УКД;КРАСНОДАРСКИЙ КРАЙ;СОЧИ
354099;СОЧИ ПОЧТАМТ;КРАСНОДАРСКИЙ КРАЙ;СОЧИ
354200;СОЧИ;КРАСНОДАРСКИЙ КРАЙ;СОЧИ
354202;СОЧИ 202;КРАСНОДАРСКИЙ КРАЙ;СОЧИ
354203;СОЧИ 203;КРАСНОДАРСКИЙ КРАЙ;СОЧИ
354204;СОЧИ 204;КРАСНОДАРСКИЙ КРАЙ;СОЧИ
354205;СОЧИ 205;КРАСНОДАРСКИЙ КРАЙ;СОЧИ
354206;СОЧИ 206;КРАСНОДАРСКИЙ КРАЙ;СОЧИ
354207;СОЧИ 207;КРАСНОДАРСКИЙ КРАЙ;СОЧИ
354208;СОЧИ 208;КРАСНОДАРСКИЙ КРАЙ;СОЧИ
354209;СОЧИ 209;КРАСНОДАРСКИЙ КРАЙ;СОЧИ
354210;СОЧИ 210;КРАСНОДАРСКИЙ КРАЙ;СОЧИ
354211;СОЧИ 211;КРАСНОДАРСКИЙ КРАЙ;СОЧИ
354212;СОЧИ 212;КРАСНОДАРСКИЙ КРАЙ;СОЧИ
354213;СОЧИ 213;КРАСНОДАРСКИЙ КРАЙ;СОЧИ
354214;СОЧИ 214;КРАСНОДАРСКИЙ КРАЙ;СОЧИ
354216;СОЧИ 216;КРАСНОДАРСКИЙ КРАЙ;СОЧИ
354217;СОЧИ 217;КРАСНОДАРСКИЙ КРАЙ;СОЧИ
354218;СОЧИ 218;КРАСНОДАРСКИЙ КРАЙ;СОЧИ
354220;СОЧИ 220;КРАСНОДАРСКИЙ КРАЙ;СОЧИ
354226;СОЧИ 226;КРАСНОДАРСКИЙ КРАЙ;СОЧИ
354231;СОЧИ 231;КРАСНОДАРСКИЙ КРАЙ;СОЧИ
354233;СОЧИ 233;КРАСНОДАРСКИЙ КРАЙ;СОЧИ
354234;ВОЛКОВКА;КРАСНОДАРСКИЙ КРАЙ;СОЧИ
354235;КАЛЕЖ;КРАСНОДАРСКИЙ КРАЙ;СОЧИ
354236;СЕРГЕЙ-ПОЛЕ;КРАСНОДАРСКИЙ КРАЙ;СОЧИ
354237;СОЛОХАУЛ;КРАСНОДАРСКИЙ КРАЙ;СОЧИ
354238;ТХАГАПШ;КРАСНОДАРСКИЙ КРАЙ;СОЧИ
354299;ЛАЗАРЕВСКИЙ ПОЧТАМТ;КРАСНОДАРСКИЙ КРАЙ;СОЧИ
354340;СОЧИ;КРАСНОДАРСКИЙ КРАЙ;СОЧИ
354342;АИБГА;КРАСНОДАРСКИЙ КРАЙ;СОЧИ
354343;АХШТЫРЬ;КРАСНОДАРСКИЙ КРАЙ;СОЧИ
354346;СОЧИ 346;КРАСНОДАРСКИЙ КРАЙ;СОЧИ
354348;СОЧИ 348;КРАСНОДАРСКИЙ КРАЙ;СОЧИ
354354;СОЧИ 354;КРАСНОДАРСКИЙ КРАЙ;СОЧИ
354355;СОЧИ 355;КРАСНОДАРСКИЙ КРАЙ;СОЧИ
354364;СОЧИ 364;КРАСНОДАРСКИЙ КРАЙ;СОЧИ
354376;ВЕСЕЛОЕ 1;КРАСНОДАРСКИЙ КРАЙ;СОЧИ
354382;СОЧИ 382;КРАСНОДАРСКИЙ КРАЙ;СОЧИ
354096;СОЧИ УООП;КРАСНОДАРСКИЙ КРАЙ;СОЧИ
354296;ЛАЗАРЕВСКИЙ УООП;КРАСНОДАРСКИЙ КРАЙ;СОЧИ
354383;СОЧИ;КРАСНОДАРСКИЙ КРАЙ;СОЧИ
354384;ВЕРХНЕНИКОЛАЕВСКОЕ;КРАСНОДАРСКИЙ КРАЙ;СОЧИ
354386;ГАЛИЦЫНО;КРАСНОДАРСКИЙ КРАЙ;СОЧИ
354387;ДУБРАВНЫЙ;КРАСНОДАРСКИЙ КРАЙ;СОЧИ
354389;КАЛИНОВОЕ ОЗЕРО;КРАСНОДАРСКИЙ КРАЙ;СОЧИ
354390;КЕПША;КРАСНОДАРСКИЙ КРАЙ;СОЧИ
354391;КРАСНАЯ ВОЛЯ;КРАСНОДАРСКИЙ КРАЙ;СОЧИ
354392;КРАСНАЯ ПОЛЯНА;КРАСНОДАРСКИЙ КРАЙ;СОЧИ
354393;МОЛДОВКА;КРАСНОДАРСКИЙ КРАЙ;СОЧИ
354394;НИЖНЯЯ ШИЛОВКА;КРАСНОДАРСКИЙ КРАЙ;СОЧИ
354395;ОРЕЛ-ИЗУМРУД;КРАСНОДАРСКИЙ КРАЙ;СОЧИ
354396;ЧЕРЕШНЯ;КРАСНОДАРСКИЙ КРАЙ;СОЧИ
354399;АДЛЕРСКИЙ ПОЧТАМТ;КРАСНОДАРСКИЙ КРАЙ;СОЧИ
354388;АДЛЕРСКИЙ УООП;КРАСНОДАРСКИЙ КРАЙ;СОЧИ
354385;СОЧИ-АДЛЕРСКИЙ;КРАСНОДАРСКИЙ КРАЙ;СОЧИ
354094;СОЧИ УООП ПК;КРАСНОДАРСКИЙ КРАЙ;СОЧИ
354095;СОЧИ УООП ПРИОРИТЕТ;КРАСНОДАРСКИЙ КРАЙ;СОЧИ
354294;ЛАЗАРЕВСКИЙ УООП ПК;КРАСНОДАРСКИЙ КРАЙ;СОЧИ
354295;ЛАЗАРЕВСКИЙ УООП ПРИОРИТЕТ;КРАСНОДАРСКИЙ КРАЙ;СОЧИ
354377;АДЛЕРСКИЙ УООП ПК;КРАСНОДАРСКИЙ КРАЙ;СОЧИ
354378;АДЛЕРСКИЙ УООП ПРИОРИТЕТ;КРАСНОДАРСКИЙ КРАЙ;СОЧИ
354098;СОЧИ КЛАДОВАЯ ХРАНЕНИЯ НЕРОЗДАННЫХ ПО;КРАСНОДАРСКИЙ КРАЙ;СОЧИ
354298;СОЧИ-ЛАЗАРЕВСКОЕ КЛАДОВАЯ ХРАНЕНИЯ НЕРОЗДАННЫХ ПО;КРАСНОДАРСКИЙ КРАЙ;СОЧИ
354398;СОЧИ-АДЛЕР КЛАДОВАЯ ХРАНЕНИЯ НЕРОЗДАННЫХ ПО;КРАСНОДАРСКИЙ КРАЙ;СОЧИ
354089;СОЧИ АТП;КРАСНОДАРСКИЙ КРАЙ;СОЧИ
354289;СОЧИ АТП;КРАСНОДАРСКИЙ КРАЙ;СОЧИ
354290;СОЧИ АТП;КРАСНОДАРСКИЙ КРАЙ;СОЧИ
354379;СОЧИ АТП;КРАСНОДАРСКИЙ КРАЙ;СОЧИ
690000;ВЛАДИВОСТОК ПОЧТАМТ;ПРИМОРСКИЙ КРАЙ;ВЛАДИВОСТОК
690001;ВЛАДИВОСТОК 1;ПРИМОРСКИЙ КРАЙ;ВЛАДИВОСТОК
690002;ВЛАДИВОСТОК 2;ПРИМОРСКИЙ КРАЙ;ВЛАДИВОСТОК
690003;ВЛАДИВОСТОК 3;ПРИМОРСКИЙ КРАЙ;ВЛАДИВОСТОК
690005;ВЛАДИВОСТОК 5;ПРИМОРСКИЙ КРАЙ;ВЛАДИВОСТОК
690007;ВЛАДИВОСТОК 7;ПРИМОРСКИЙ КРАЙ;ВЛАДИВОСТОК
690011;ВЛАДИВОСТОК 11;ПРИМОРСКИЙ КРАЙ;ВЛАДИВОСТОК
690012;ВЛАДИВОСТОК 12;ПРИМОРСКИЙ КРАЙ;ВЛАДИВОСТОК
690013;ВЛАДИВОСТОК 13;ПРИМОРСКИЙ КРАЙ;ВЛАДИВОСТОК
690014;ВЛАДИВОСТОК 14;ПРИМОРСКИЙ КРАЙ;ВЛАДИВОСТОК
690016;ВЛАДИВОСТОК 16;ПРИМОРСКИЙ КРАЙ;ВЛАДИВОСТОК
690017;ВЛАДИВОСТОК 17;ПРИМОРСКИЙ КРАЙ;ВЛАДИВОСТОК
690018;ВЛАДИВОСТОК 18;ПРИМОРСКИЙ КРАЙ;ВЛАДИВОСТОК
690019;ВЛАДИВОСТОК 19;ПРИМОРСКИЙ КРАЙ;ВЛАДИВОСТОК
690020;ВЛАДИВОСТОК 20;ПРИМОРСКИЙ КРАЙ;ВЛАДИВОСТОК
690021;ВЛАДИВОСТОК 21;ПРИМОРСКИЙ КРАЙ;ВЛАДИВОСТОК
690022;ВЛАДИВОСТОК 22;ПРИМОРСКИЙ КРАЙ;ВЛАДИВОСТОК
690024;ВЛАДИВОСТОК 24;ПРИМОРСКИЙ КРАЙ;ВЛАДИВОСТОК
690025;ВЛАДИВОСТОК 25;ПРИМОРСКИЙ КРАЙ;ВЛАДИВОСТОК
690030;ВЛАДИВОСТОК 30;ПРИМОРСКИЙ КРАЙ;ВЛАДИВОСТОК
690033;ВЛАДИВОСТОК 33;ПРИМОРСКИЙ КРАЙ;ВЛАДИВОСТОК
690034;ВЛАДИВОСТОК 34;ПРИМОРСКИЙ КРАЙ;ВЛАДИВОСТОК
690035;ВЛАДИВОСТОК 35;ПРИМОРСКИЙ КРАЙ;ВЛАДИВОСТОК
690037;ВЛАДИВОСТОК 37;ПРИМОРСКИЙ КРАЙ;ВЛАДИВОСТОК
690039;ВЛАДИВОСТОК 39;ПРИМОРСКИЙ КРАЙ;ВЛАДИВОСТОК
690041;ВЛАДИВОСТОК 41;ПРИМОРСКИЙ КРАЙ;ВЛАДИВОСТОК
690042;ВЛАДИВОСТОК 42;ПРИМОРСКИЙ КРАЙ;ВЛАДИВОСТОК
690048;ВЛАДИВОСТОК 48;ПРИМОРСКИЙ КРАЙ;ВЛАДИВОСТОК
690049;ВЛАДИВОСТОК 49;ПРИМОРСКИЙ КРАЙ;ВЛАДИВОСТОК
690054;ВЛАДИВОСТОК 54;ПРИМОРСКИЙ КРАЙ;ВЛАДИВОСТОК
690059;ВЛАДИВОСТОК 59;ПРИМОРСКИЙ КРАЙ;ВЛАДИВОСТОК
690062;ВЛАДИВОСТОК 62;ПРИМОРСКИЙ КРАЙ;ВЛАДИВОСТОК
690063;ВЛАДИВОСТОК 63;ПРИМОРСКИЙ КРАЙ;ВЛАДИВОСТОК
690065;ВЛАДИВОСТОК 65;ПРИМОРСКИЙ КРАЙ;ВЛАДИВОСТОК
690066;ВЛАДИВОСТОК 66;ПРИМОРСКИЙ КРАЙ;ВЛАДИВОСТОК
690068;ВЛАДИВОСТОК 68;ПРИМОРСКИЙ КРАЙ;ВЛАДИВОСТОК
690069;ВЛАДИВОСТОК 69;ПРИМОРСКИЙ КРАЙ;ВЛАДИВОСТОК
690074;ВЛАДИВОСТОК 74;ПРИМОРСКИЙ КРАЙ;ВЛАДИВОСТОК
690077;ВЛАДИВОСТОК 77;ПРИМОРСКИЙ КРАЙ;ВЛАДИВОСТОК
690078;ВЛАДИВОСТОК 78;ПРИМОРСКИЙ КРАЙ;ВЛАДИВОСТОК
690080;ВЛАДИВОСТОК 80;ПРИМОРСКИЙ КРАЙ;ВЛАДИВОСТОК
690085;ВЛАДИВОСТОК 85;ПРИМОРСКИЙ КРАЙ;ВЛАДИВОСТОК
690087;ВЛАДИВОСТОК 87;ПРИМОРСКИЙ КРАЙ;ВЛАДИВОСТОК
690088;ВЛАДИВОСТОК 88;ПРИМОРСКИЙ КРАЙ;ВЛАДИВОСТОК
690089;ВЛАДИВОСТОК 89;ПРИМОРСКИЙ КРАЙ;ВЛАДИВОСТОК
690090;ВЛАДИВОСТОК 90;ПРИМОРСКИЙ КРАЙ;ВЛАДИВОСТОК
690091;ВЛАДИВОСТОК 91;ПРИМОРСКИЙ КРАЙ;ВЛАДИВОСТОК
690092;ВЛАДИВОСТОК 92;ПРИМОРСКИЙ КРАЙ;ВЛАДИВОСТОК
690105;ВЛАДИВОСТОК 105;ПРИМОРСКИЙ КРАЙ;ВЛАДИВОСТОК
690106;ВЛАДИВОСТОК 106;ПРИМОРСКИЙ КРАЙ;ВЛАДИВОСТОК
690108;ВЛАДИВОСТОК 108;ПРИМОРСКИЙ КРАЙ;ВЛАДИВОСТОК
690109;ВЛАДИВОСТОК 109;ПРИМОРСКИЙ КРАЙ;ВЛАДИВОСТОК
690110;ВЛАДИВОСТОК 110;ПРИМОРСКИЙ КРАЙ;ВЛАДИВОСТОК
690111;ВЛАДИВОСТОК 111;ПРИМОРСКИЙ КРАЙ;ВЛАДИВОСТОК
690700;УФПС ПРИМОРСКОГО КРАЯ;ПРИМОРСКИЙ КРАЙ;ВЛАДИВОСТОК
690703;СКЛАД МТО УФПС ПРИМОРСКОГО КРАЯ;ПРИМОРСКИЙ КРАЙ;ВЛАДИВОСТОК
690880;ВЛАДИВОСТОК УКД;ПРИМОРСКИЙ КРАЙ;ВЛАДИВОСТОК
690891;ВЛАДИВОСТОК МСЦ УЧ. ТАРЫ;ПРИМОРСКИЙ КРАЙ;ВЛАДИВОСТОК
690899;ВЛАДИВОСТОК ПОЧТАМТ УЧ. ТАРЫ;ПРИМОРСКИЙ КРАЙ;ВЛАДИВОСТОК
690901;ПОПОВА;ПРИМОРСКИЙ КРАЙ;ВЛАДИВОСТОК
690902;ВЛАДИВОСТОК ППС;ПРИМОРСКИЙ КРАЙ;ВЛАДИВОСТОК
690908;БЕРЕГОВОЕ;ПРИМОРСКИЙ КРАЙ;ВЛАДИВОСТОК
690910;ТРУДОВОЕ;ПРИМОРСКИЙ КРАЙ;ВЛАДИВОСТОК
690911;ВЛАДИВОСТОК 121;ПРИМОРСКИЙ КРАЙ;ВЛАДИВОСТОК
690912;ТРУДОВОЕ  2;ПРИМОРСКИЙ КРАЙ;ВЛАДИВОСТОК
690920;РУССКИЙ;ПРИМОРСКИЙ КРАЙ;ВЛАДИВОСТОК
690922;РУССКИЙ 2;ПРИМОРСКИЙ КРАЙ;ВЛАДИВОСТОК
690710;ИВЦ ПРИМОРСКОГО КРАЯ;ПРИМОРСКИЙ КРАЙ;ВЛАДИВОСТОК
690960;ВЛАДИВОСТОК МСЦ;ПРИМОРСКИЙ КРАЙ;ВЛАДИВОСТОК
690961;ВЛАДИВОСТОК МСЦ-1;ПРИМОРСКИЙ КРАЙ;ВЛАДИВОСТОК
690962;ВЛАДИВОСТОК МСЦ EMS;ПРИМОРСКИЙ КРАЙ;ВЛАДИВОСТОК
690964;ВЛАДИВОСТОК МСЦ ЦОСП;ПРИМОРСКИЙ КРАЙ;ВЛАДИВОСТОК
690966;ВЛАДИВОСТОК МСЦ УОПО;ПРИМОРСКИЙ КРАЙ;ВЛАДИВОСТОК
690967;ВЛАДИВОСТОК МСЦ ЦОПК;ПРИМОРСКИЙ КРАЙ;ВЛАДИВОСТОК
690968;ВЛАДИВОСТОК МСЦ УОП;ПРИМОРСКИЙ КРАЙ;ВЛАДИВОСТОК
690969;ВЛАДИВОСТОК МСЦ УМДС;ПРИМОРСКИЙ КРАЙ;ВЛАДИВОСТОК
690980;ВЛАДИВОСТОК ММПО;ПРИМОРСКИЙ КРАЙ;ВЛАДИВОСТОК
690981;ВЛАДИВОСТОК PI-1;ПРИМОРСКИЙ КРАЙ;ВЛАДИВОСТОК
690982;ВЛАДИВОСТОК PI-2;ПРИМОРСКИЙ КРАЙ;ВЛАДИВОСТОК
690983;ВЛАДИВОСТОК PI-3;ПРИМОРСКИЙ КРАЙ;ВЛАДИВОСТОК
690985;ВЛАДИВОСТОК PI-SV;ПРИМОРСКИЙ КРАЙ;ВЛАДИВОСТОК
690990;ВЛАДИВОСТОК ГСП;ПРИМОРСКИЙ КРАЙ;ВЛАДИВОСТОК
690998;ВЛАДИВОСТОК УУЦ;ПРИМОРСКИЙ КРАЙ;ВЛАДИВОСТОК
690976;ВЛАДИВОСТОК КЛАДОВАЯ ХРАНЕНИЯ НЕРОЗДАННЫХ ПО;ПРИМОРСКИЙ КРАЙ;ВЛАДИВОСТОК
690730;ВЛАДИВОСТОК АТП;ПРИМОРСКИЙ КРАЙ;ВЛАДИВОСТОК
620000;ЕКАТЕРИНБУРГ;СВЕРДЛОВСКАЯ ОБЛАСТЬ;ЕКАТЕРИНБУРГ
620002;ЕКАТЕРИНБУРГ 2;СВЕРДЛОВСКАЯ ОБЛАСТЬ;ЕКАТЕРИНБУРГ
620004;ЕКАТЕРИНБУРГ 4;СВЕРДЛОВСКАЯ ОБЛАСТЬ;ЕКАТЕРИНБУРГ
620007;ЕКАТЕРИНБУРГ 7;СВЕРДЛОВСКАЯ ОБЛАСТЬ;ЕКАТЕРИНБУРГ
620010;ЕКАТЕРИНБУРГ 10;СВЕРДЛОВСКАЯ ОБЛАСТЬ;ЕКАТЕРИНБУРГ
620012;ЕКАТЕРИНБУРГ 12;СВЕРДЛОВСКАЯ ОБЛАСТЬ;ЕКАТЕРИНБУРГ
620014;ЕКАТЕРИНБУРГ 14;СВЕРДЛОВСКАЯ ОБЛАСТЬ;ЕКАТЕРИНБУРГ
620016;ЕКАТЕРИНБУРГ 16;СВЕРДЛОВСКАЯ ОБЛАСТЬ;ЕКАТЕРИНБУРГ
620017;ЕКАТЕРИНБУРГ 17;СВЕРДЛОВСКАЯ ОБЛАСТЬ;ЕКАТЕРИНБУРГ
620018;ЕКАТЕРИНБУРГ 18;СВЕРДЛОВСКАЯ ОБЛАСТЬ;ЕКАТЕРИНБУРГ
620019;ЕКАТЕРИНБУРГ 19;СВЕРДЛОВСКАЯ ОБЛАСТЬ;ЕКАТЕРИНБУРГ
620023;ЕКАТЕРИНБУРГ 23;СВЕРДЛОВСКАЯ ОБЛАСТЬ;ЕКАТЕРИНБУРГ
620024;ЕКАТЕРИНБУРГ 24;СВЕРДЛОВСКАЯ ОБЛАСТЬ;ЕКАТЕРИНБУРГ
620025;ЕКАТЕРИНБУРГ 25;СВЕРДЛОВСКАЯ ОБЛАСТЬ;ЕКАТЕРИНБУРГ
620026;ЕКАТЕРИНБУРГ 26;СВЕРДЛОВСКАЯ ОБЛАСТЬ;ЕКАТЕРИНБУРГ
620027;ЕКАТЕРИНБУРГ 27;СВЕРДЛОВСКАЯ ОБЛАСТЬ;ЕКАТЕРИНБУРГ
620028;ЕКАТЕРИНБУРГ 28;СВЕРДЛОВСКАЯ ОБЛАСТЬ;ЕКАТЕРИНБУРГ
620030;ЕКАТЕРИНБУРГ 30;СВЕРДЛОВСКАЯ ОБЛАСТЬ;ЕКАТЕРИНБУРГ
620031;ЕКАТЕРИНБУРГ 31;СВЕРДЛОВСКАЯ ОБЛАСТЬ;ЕКАТЕРИНБУРГ
620033;ЕКАТЕРИНБУРГ 33;СВЕРДЛОВСКАЯ ОБЛАСТЬ;ЕКАТЕРИНБУРГ
620034;ЕКАТЕРИНБУРГ 34;СВЕРДЛОВСКАЯ ОБЛАСТЬ;ЕКАТЕРИНБУРГ
620035;ЕКАТЕРИНБУРГ 35;СВЕРДЛОВСКАЯ ОБЛАСТЬ;ЕКАТЕРИНБУРГ
620036;ЕКАТЕРИНБУРГ 36;СВЕРДЛОВСКАЯ ОБЛАСТЬ;ЕКАТЕРИНБУРГ
620039;ЕКАТЕРИНБУРГ 39;СВЕРДЛОВСКАЯ ОБЛАСТЬ;ЕКАТЕРИНБУРГ
620041;ЕКАТЕРИНБУРГ 41;СВЕРДЛОВСКАЯ ОБЛАСТЬ;ЕКАТЕРИНБУРГ
620042;ЕКАТЕРИНБУРГ 42;СВЕРДЛОВСКАЯ ОБЛАСТЬ;ЕКАТЕРИНБУРГ
620043;ЕКАТЕРИНБУРГ 43;СВЕРДЛОВСКАЯ ОБЛАСТЬ;ЕКАТЕРИНБУРГ
620048;ЕКАТЕРИНБУРГ 48;СВЕРДЛОВСКАЯ ОБЛАСТЬ;ЕКАТЕРИНБУРГ
620049;ЕКАТЕРИНБУРГ 49;СВЕРДЛОВСКАЯ ОБЛАСТЬ;ЕКАТЕРИНБУРГ
620050;ЕКАТЕРИНБУРГ 50;СВЕРДЛОВСКАЯ ОБЛАСТЬ;ЕКАТЕРИНБУРГ
620054;ЕКАТЕРИНБУРГ 54;СВЕРДЛОВСКАЯ ОБЛАСТЬ;ЕКАТЕРИНБУРГ
620056;ЕКАТЕРИНБУРГ 56;СВЕРДЛОВСКАЯ ОБЛАСТЬ;ЕКАТЕРИНБУРГ
620057;ЕКАТЕРИНБУРГ 57;СВЕРДЛОВСКАЯ ОБЛАСТЬ;ЕКАТЕРИНБУРГ
620058;ЕКАТЕРИНБУРГ 58;СВЕРДЛОВСКАЯ ОБЛАСТЬ;ЕКАТЕРИНБУРГ
620060;ЕКАТЕРИНБУРГ 60;СВЕРДЛОВСКАЯ ОБЛАСТЬ;ЕКАТЕРИНБУРГ
620061;ЕКАТЕРИНБУРГ 61;СВЕРДЛОВСКАЯ ОБЛАСТЬ;ЕКАТЕРИНБУРГ
620062;ЕКАТЕРИНБУРГ 62;СВЕРДЛОВСКАЯ ОБЛАСТЬ;ЕКАТЕРИНБУРГ
620063;ЕКАТЕРИНБУРГ 63;СВЕРДЛОВСКАЯ ОБЛАСТЬ;ЕКАТЕРИНБУРГ
620066;ЕКАТЕРИНБУРГ 66;СВЕРДЛОВСКАЯ ОБЛАСТЬ;ЕКАТЕРИНБУРГ
620067;ЕКАТЕРИНБУРГ 67;СВЕРДЛОВСКАЯ ОБЛАСТЬ;ЕКАТЕРИНБУРГ
620071;ЕКАТЕРИНБУРГ 71;СВЕРДЛОВСКАЯ ОБЛАСТЬ;ЕКАТЕРИНБУРГ
620072;ЕКАТЕРИНБУРГ 72;СВЕРДЛОВСКАЯ ОБЛАСТЬ;ЕКАТЕРИНБУРГ
620073;ЕКАТЕРИНБУРГ 73;СВЕРДЛОВСКАЯ ОБЛАСТЬ;ЕКАТЕРИНБУРГ
620075;ЕКАТЕРИНБУРГ 75;СВЕРДЛОВСКАЯ ОБЛАСТЬ;ЕКАТЕРИНБУРГ
620076;ЕКАТЕРИНБУРГ 76;СВЕРДЛОВСКАЯ ОБЛАСТЬ;ЕКАТЕРИНБУРГ
620077;ЕКАТЕРИНБУРГ 77;СВЕРДЛОВСКАЯ ОБЛАСТЬ;ЕКАТЕРИНБУРГ
620078;ЕКАТЕРИНБУРГ 78;СВЕРДЛОВСКАЯ ОБЛАСТЬ;ЕКАТЕРИНБУРГ
620082;ЕКАТЕРИНБУРГ 82;СВЕРДЛОВСКАЯ ОБЛАСТЬ;ЕКАТЕРИНБУРГ
620085;ЕКАТЕРИНБУРГ 85;СВЕРДЛОВСКАЯ ОБЛАСТЬ;ЕКАТЕРИНБУРГ
620086;ЕКАТЕРИНБУРГ 86;СВЕРДЛОВСКАЯ ОБЛАСТЬ;ЕКАТЕРИНБУРГ
620087;ЕКАТЕРИНБУРГ 87;СВЕРДЛОВСКАЯ ОБЛАСТЬ;ЕКАТЕРИНБУРГ
620088;ЕКАТЕРИНБУРГ 88;СВЕРДЛОВСКАЯ ОБЛАСТЬ;ЕКАТЕРИНБУРГ
620089;ЕКАТЕРИНБУРГ 89;СВЕРДЛОВСКАЯ ОБЛАСТЬ;ЕКАТЕРИНБУРГ
620090;ЕКАТЕРИНБУРГ 90;СВЕРДЛОВСКАЯ ОБЛАСТЬ;ЕКАТЕРИНБУРГ
620091;ЕКАТЕРИНБУРГ 91;СВЕРДЛОВСКАЯ ОБЛАСТЬ;ЕКАТЕРИНБУРГ
620092;ЕКАТЕРИНБУРГ 92;СВЕРДЛОВСКАЯ ОБЛАСТЬ;ЕКАТЕРИНБУРГ
620098;ЕКАТЕРИНБУРГ 98;СВЕРДЛОВСКАЯ ОБЛАСТЬ;ЕКАТЕРИНБУРГ
620100;ЕКАТЕРИНБУРГ 100;СВЕРДЛОВСКАЯ ОБЛАСТЬ;ЕКАТЕРИНБУРГ
620102;ЕКАТЕРИНБУРГ 102;СВЕРДЛОВСКАЯ ОБЛАСТЬ;ЕКАТЕРИНБУРГ
620103;ЕКАТЕРИНБУРГ 103;СВЕРДЛОВСКАЯ ОБЛАСТЬ;ЕКАТЕРИНБУРГ
620105;ЕКАТЕРИНБУРГ 105;СВЕРДЛОВСКАЯ ОБЛАСТЬ;ЕКАТЕРИНБУРГ
620107;ЕКАТЕРИНБУРГ 107;СВЕРДЛОВСКАЯ ОБЛАСТЬ;ЕКАТЕРИНБУРГ
620108;ЕКАТЕРИНБУРГ 108;СВЕРДЛОВСКАЯ ОБЛАСТЬ;ЕКАТЕРИНБУРГ
620109;ЕКАТЕРИНБУРГ 109;СВЕРДЛОВСКАЯ ОБЛАСТЬ;ЕКАТЕРИНБУРГ
620110;ЕКАТЕРИНБУРГ 110;СВЕРДЛОВСКАЯ ОБЛАСТЬ;ЕКАТЕРИНБУРГ
620130;ЕКАТЕРИНБУРГ 130;СВЕРДЛОВСКАЯ ОБЛАСТЬ;ЕКАТЕРИНБУРГ
620131;ЕКАТЕРИНБУРГ 131;СВЕРДЛОВСКАЯ ОБЛАСТЬ;ЕКАТЕРИНБУРГ
620133;ЕКАТЕРИНБУРГ 133;СВЕРДЛОВСКАЯ ОБЛАСТЬ;ЕКАТЕРИНБУРГ
620134;ЕКАТЕРИНБУРГ 134;СВЕРДЛОВСКАЯ ОБЛАСТЬ;ЕКАТЕРИНБУРГ
620135;ЕКАТЕРИНБУРГ 135;СВЕРДЛОВСКАЯ ОБЛАСТЬ;ЕКАТЕРИНБУРГ
620137;ЕКАТЕРИНБУРГ 137;СВЕРДЛОВСКАЯ ОБЛАСТЬ;ЕКАТЕРИНБУРГ
620138;ЕКАТЕРИНБУРГ 138;СВЕРДЛОВСКАЯ ОБЛАСТЬ;ЕКАТЕРИНБУРГ
620141;ЕКАТЕРИНБУРГ 141;СВЕРДЛОВСКАЯ ОБЛАСТЬ;ЕКАТЕРИНБУРГ
620142;ЕКАТЕРИНБУРГ 142;СВЕРДЛОВСКАЯ ОБЛАСТЬ;ЕКАТЕРИНБУРГ
620143;ЕКАТЕРИНБУРГ 143;СВЕРДЛОВСКАЯ ОБЛАСТЬ;ЕКАТЕРИНБУРГ
620144;ЕКАТЕРИНБУРГ 144;СВЕРДЛОВСКАЯ ОБЛАСТЬ;ЕКАТЕРИНБУРГ
620146;ЕКАТЕРИНБУРГ 146;СВЕРДЛОВСКАЯ ОБЛАСТЬ;ЕКАТЕРИНБУРГ
620147;ЕКАТЕРИНБУРГ 147;СВЕРДЛОВСКАЯ ОБЛАСТЬ;ЕКАТЕРИНБУРГ
620149;ЕКАТЕРИНБУРГ 149;СВЕРДЛОВСКАЯ ОБЛАСТЬ;ЕКАТЕРИНБУРГ
620700;УФПС СВЕРДЛОВСКОЙ ОБЛАСТИ;СВЕРДЛОВСКАЯ ОБЛАСТЬ;ЕКАТЕРИНБУРГ
620872;ЕКАТЕРИНБУРГ УКД-2;СВЕРДЛОВСКАЯ ОБЛАСТЬ;ЕКАТЕРИНБУРГ
620880;ЕКАТЕРИНБУРГ УКД;СВЕРДЛОВСКАЯ ОБЛАСТЬ;ЕКАТЕРИНБУРГ
620881;ЕКАТЕРИНБУРГ УКД УЧ.-1;СВЕРДЛОВСКАЯ ОБЛАСТЬ;ЕКАТЕРИНБУРГ
620882;ЕКАТЕРИНБУРГ УКД УЧ.-2;СВЕРДЛОВСКАЯ ОБЛАСТЬ;ЕКАТЕРИНБУРГ
620890;ЕКАТЕРИНБУРГ МСЦ УЧ. ТАРЫ;СВЕРДЛОВСКАЯ ОБЛАСТЬ;ЕКАТЕРИНБУРГ
620899;ЕКАТЕРИНБУРГ ПОЧТАМТ УЧ. ТАРЫ;СВЕРДЛОВСКАЯ ОБЛАСТЬ;ЕКАТЕРИНБУРГ
620902;ГОРНЫЙ ЩИТ;СВЕРДЛОВСКАЯ ОБЛАСТЬ;ЕКАТЕРИНБУРГ
620904;ШАБРОВСКИЙ;СВЕРДЛОВСКАЯ ОБЛАСТЬ;ЕКАТЕРИНБУРГ
620907;САДОВЫЙ;СВЕРДЛОВСКАЯ ОБЛАСТЬ;ЕКАТЕРИНБУРГ
620908;ШУВАКИШ;СВЕРДЛОВСКАЯ ОБЛАСТЬ;ЕКАТЕРИНБУРГ
620920;СЕВЕРКА;СВЕРДЛОВСКАЯ ОБЛАСТЬ;ЕКАТЕРИНБУРГ
620930;ЕКАТЕРИНБУРГ ГСП;СВЕРДЛОВСКАЯ ОБЛАСТЬ;ЕКАТЕРИНБУРГ
620960;ЕКАТЕРИНБУРГ МСЦ;СВЕРДЛОВСКАЯ ОБЛАСТЬ;ЕКАТЕРИНБУРГ
620961;ЕКАТЕРИНБУРГ МСЦ-1;СВЕРДЛОВСКАЯ ОБЛАСТЬ;ЕКАТЕРИНБУРГ
620962;ЕКАТЕРИНБУРГ МСЦ ЦОПО;СВЕРДЛОВСКАЯ ОБЛАСТЬ;ЕКАТЕРИНБУРГ
620963;ЕКАТЕРИНБУРГ МСЦ ЦОПК;СВЕРДЛОВСКАЯ ОБЛАСТЬ;ЕКАТЕРИНБУРГ
620964;ЕКАТЕРИНБУРГ МСЦ ЦОПП;СВЕРДЛОВСКАЯ ОБЛАСТЬ;ЕКАТЕРИНБУРГ
620965;ЕКАТЕРИНБУРГ МСЦ ЦОСП;СВЕРДЛОВСКАЯ ОБЛАСТЬ;ЕКАТЕРИНБУРГ
620966;ЕКАТЕРИНБУРГ МСЦ ЦОПВ;СВЕРДЛОВСКАЯ ОБЛАСТЬ;ЕКАТЕРИНБУРГ
620967;ЕКАТЕРИНБУРГ МСЦ EMS;СВЕРДЛОВСКАЯ ОБЛАСТЬ;ЕКАТЕРИНБУРГ
620969;ЕКАТЕРИНБУРГ МСЦ УМДС;СВЕРДЛОВСКАЯ ОБЛАСТЬ;ЕКАТЕРИНБУРГ
620926;ЕКАТЕРИНБУРГ КЛАДОВАЯ ХРАНЕНИЯ НЕРОЗДАННЫХ ПО;СВЕРДЛОВСКАЯ ОБЛАСТЬ;ЕКАТЕРИНБУРГ
620710;ИВЦ СВЕРДЛОВСКОЙ ОБЛАСТИ;СВЕРДЛОВСКАЯ ОБЛАСТЬ;ЕКАТЕРИНБУРГ
620970;ЕКАТЕРИНБУРГ АОПП;СВЕРДЛОВСКАЯ ОБЛАСТЬ;ЕКАТЕРИНБУРГ
620971;ЕКАТЕРИНБУРГ АОПП УЧ-1;СВЕРДЛОВСКАЯ ОБЛАСТЬ;ЕКАТЕРИНБУРГ
620979;ЕКАТЕРИНБУРГ ММПО УЧ. EMS;СВЕРДЛОВСКАЯ ОБЛАСТЬ;ЕКАТЕРИНБУРГ
620980;ЕКАТЕРИНБУРГ ММПО;СВЕРДЛОВСКАЯ ОБЛАСТЬ;ЕКАТЕРИНБУРГ
620981;ЕКАТЕРИНБУРГ ММПО УЧ-1;СВЕРДЛОВСКАЯ ОБЛАСТЬ;ЕКАТЕРИНБУРГ
620982;ЕКАТЕРИНБУРГ ММПО УЧ-2;СВЕРДЛОВСКАЯ ОБЛАСТЬ;ЕКАТЕРИНБУРГ
620983;ЕКАТЕРИНБУРГ ММПО УЧ-3;СВЕРДЛОВСКАЯ ОБЛАСТЬ;ЕКАТЕРИНБУРГ
620984;ЕКАТЕРИНБУРГ ММПО УЧ-6;СВЕРДЛОВСКАЯ ОБЛАСТЬ;ЕКАТЕРИНБУРГ
620985;ЕКАТЕРИНБУРГ ММПО УЧ. ТАРЫ;СВЕРДЛОВСКАЯ ОБЛАСТЬ;ЕКАТЕРИНБУРГ
620995;ЕКАТЕРИНБУРГ УД;СВЕРДЛОВСКАЯ ОБЛАСТЬ;ЕКАТЕРИНБУРГ
620999;ЕКАТЕРИНБУРГ ПОЧТАМТ;СВЕРДЛОВСКАЯ ОБЛАСТЬ;ЕКАТЕРИНБУРГ
620931;ЕКАТЕРИНБУРГ УДПП-1;СВЕРДЛОВСКАЯ ОБЛАСТЬ;ЕКАТЕРИНБУРГ
620932;ЕКАТЕРИНБУРГ УДПП-2;СВЕРДЛОВСКАЯ ОБЛАСТЬ;ЕКАТЕРИНБУРГ
620933;ЕКАТЕРИНБУРГ УДПП-3;СВЕРДЛОВСКАЯ ОБЛАСТЬ;ЕКАТЕРИНБУРГ
620934;ЕКАТЕРИНБУРГ УДПП-4;СВЕРДЛОВСКАЯ ОБЛАСТЬ;ЕКАТЕРИНБУРГ
620935;ЕКАТЕРИНБУРГ УДПП-5;СВЕРДЛОВСКАЯ ОБЛАСТЬ;ЕКАТЕРИНБУРГ
620936;ЕКАТЕРИНБУРГ УДПП-6;СВЕРДЛОВСКАЯ ОБЛАСТЬ;ЕКАТЕРИНБУРГ
620706;ЕКАТЕРИНБУРГ ЦЭП;СВЕРДЛОВСКАЯ ОБЛАСТЬ;ЕКАТЕРИНБУРГ
620150;ЕКАТЕРИНБУРГ ПВЗ;СВЕРДЛОВСКАЯ ОБЛАСТЬ;ЕКАТЕРИНБУРГ
620730;ЕКАТЕРИНБУРГ АТП;СВЕРДЛОВСКАЯ ОБЛАСТЬ;ЕКАТЕРИНБУРГ
620879;ЕКАТЕРИНБУРГ АТП;СВЕРДЛОВСКАЯ ОБЛАСТЬ;ЕКАТЕРИНБУРГ
620910;ЕКАТЕРИНБУРГ АТП;СВЕРДЛОВСКАЯ ОБЛАСТЬ;ЕКАТЕРИНБУРГ
620937;ЕКАТЕРИНБУРГ УДПП-7;СВЕРДЛОВСКАЯ ОБЛАСТЬ;ЕКАТЕРИНБУРГ
630000;НОВОСИБИРСК ПОЧТАМТ;НОВОСИБИРСКАЯ ОБЛАСТЬ;НОВОСИБИРСК
630001;НОВОСИБИРСК 1;НОВОСИБИРСКАЯ ОБЛАСТЬ;НОВОСИБИРСК
630003;НОВОСИБИРСК 3;НОВОСИБИРСКАЯ ОБЛАСТЬ;НОВОСИБИРСК
630004;НОВОСИБИРСК 4;НОВОСИБИРСКАЯ ОБЛАСТЬ;НОВОСИБИРСК
630005;НОВОСИБИРСК 5;НОВОСИБИРСКАЯ ОБЛАСТЬ;НОВОСИБИРСК
630007;НОВОСИБИРСК 7;НОВОСИБИРСКАЯ ОБЛАСТЬ;НОВОСИБИРСК
630008;НОВОСИБИРСК 8;НОВОСИБИРСКАЯ ОБЛАСТЬ;НОВОСИБИРСК
630009;НОВОСИБИРСК 9;НОВОСИБИРСКАЯ ОБЛАСТЬ;НОВОСИБИРСК
630010;НОВОСИБИРСК 10;НОВОСИБИРСКАЯ ОБЛАСТЬ;НОВОСИБИРСК
630011;НОВОСИБИРСК 11;НОВОСИБИРСКАЯ ОБЛАСТЬ;НОВОСИБИРСК
630015;НОВОСИБИРСК 15;НОВОСИБИРСКАЯ ОБЛАСТЬ;НОВОСИБИРСК
630017;НОВОСИБИРСК 17;НОВОСИБИРСКАЯ ОБЛАСТЬ;НОВОСИБИРСК
630019;НОВОСИБИРСК 19;НОВОСИБИРСКАЯ ОБЛАСТЬ;НОВОСИБИРСК
630020;НОВОСИБИРСК 20;НОВОСИБИРСКАЯ ОБЛАСТЬ;НОВОСИБИРСК
630022;НОВОСИБИРСК 22;НОВОСИБИРСКАЯ ОБЛАСТЬ;НОВОСИБИРСК
630023;НОВОСИБИРСК;НОВОСИБИРСКАЯ ОБЛАСТЬ;НОВОСИБИРСК
630024;НОВОСИБИРСК 24;НОВОСИБИРСКАЯ ОБЛАСТЬ;НОВОСИБИРСК
630025;НОВОСИБИРСК 25;НОВОСИБИРСКАЯ ОБЛАСТЬ;НОВОСИБИРСК
630027;НОВОСИБИРСК 27;НОВОСИБИРСКАЯ ОБЛАСТЬ;НОВОСИБИРСК
630028;НОВОСИБИРСК 28;НОВОСИБИРСКАЯ ОБЛАСТЬ;НОВОСИБИРСК
630029;НОВОСИБИРСК 29;НОВОСИБИРСКАЯ ОБЛАСТЬ;НОВОСИБИРСК
630030;НОВОСИБИРСК 30;НОВОСИБИРСКАЯ ОБЛАСТЬ;НОВОСИБИРСК
630032;НОВОСИБИРСК 32;НОВОСИБИРСКАЯ ОБЛАСТЬ;НОВОСИБИРСК
630033;НОВОСИБИРСК 33;НОВОСИБИРСКАЯ ОБЛАСТЬ;НОВОСИБИРСК
630034;НОВОСИБИРСК 34;НОВОСИБИРСКАЯ ОБЛАСТЬ;НОВОСИБИРСК
630035;НОВОСИБИРСК 35;НОВОСИБИРСКАЯ ОБЛАСТЬ;НОВОСИБИРСК
630036;НОВОСИБИРСК 36;НОВОСИБИРСКАЯ ОБЛАСТЬ;НОВОСИБИРСК
630037;НОВОСИБИРСК 37;НОВОСИБИРСКАЯ ОБЛАСТЬ;НОВОСИБИРСК
630039;НОВОСИБИРСК 39;НОВОСИБИРСКАЯ ОБЛАСТЬ;НОВОСИБИРСК
630040;НОВОСИБИРСК 40;НОВОСИБИРСКАЯ ОБЛАСТЬ;НОВОСИБИРСК
630041;НОВОСИБИРСК 41;НОВОСИБИРСКАЯ ОБЛАСТЬ;НОВОСИБИРСК
630045;НОВОСИБИРСК 45;НОВОСИБИРСКАЯ ОБЛАСТЬ;НОВОСИБИРСК
630046;НОВОСИБИРСК 46;НОВОСИБИРСКАЯ ОБЛАСТЬ;НОВОСИБИРСК
630047;НОВОСИБИРСК 47;НОВОСИБИРСКАЯ ОБЛАСТЬ;НОВОСИБИРСК
630048;НОВОСИБИРСК 48;НОВОСИБИРСКАЯ ОБЛАСТЬ;НОВОСИБИРСК
630049;НОВОСИБИРСК 49;НОВОСИБИРСКАЯ ОБЛАСТЬ;НОВОСИБИРСК
630051;НОВОСИБИРСК 51;НОВОСИБИРСКАЯ ОБЛАСТЬ;НОВОСИБИРСК
630052;НОВОСИБИРСК 52;НОВОСИБИРСКАЯ ОБЛАСТЬ;НОВОСИБИРСК
630054;НОВОСИБИРСК 54;НОВОСИБИРСКАЯ ОБЛАСТЬ;НОВОСИБИРСК
630055;НОВОСИБИРСК 55;НОВОСИБИРСКАЯ ОБЛАСТЬ;НОВОСИБИРСК
630056;НОВОСИБИРСК 56;НОВОСИБИРСКАЯ ОБЛАСТЬ;НОВОСИБИРСК
630057;НОВОСИБИРСК 57;НОВОСИБИРСКАЯ ОБЛАСТЬ;НОВОСИБИРСК
630058;НОВОСИБИРСК 58;НОВОСИБИРСКАЯ ОБЛАСТЬ;НОВОСИБИРСК
630059;НОВОСИБИРСК 59;НОВОСИБИРСКАЯ ОБЛАСТЬ;НОВОСИБИРСК
630060;НОВОСИБИРСК 60;НОВОСИБИРСКАЯ ОБЛАСТЬ;НОВОСИБИРСК
630061;НОВОСИБИРСК 61;НОВОСИБИРСКАЯ ОБЛАСТЬ;НОВОСИБИРСК
630063;НОВОСИБИРСК 63;НОВОСИБИРСКАЯ ОБЛАСТЬ;НОВОСИБИРСК
630064;НОВОСИБИРСК 64;НОВОСИБИРСКАЯ ОБЛАСТЬ;НОВОСИБИРСК
630066;НОВОСИБИРСК 66;НОВОСИБИРСКАЯ ОБЛАСТЬ;НОВОСИБИРСК
630068;НОВОСИБИРСК 68;НОВОСИБИРСКАЯ ОБЛАСТЬ;НОВОСИБИРСК
630071;НОВОСИБИРСК 71;НОВОСИБИРСКАЯ ОБЛАСТЬ;НОВОСИБИРСК
630073;НОВОСИБИРСК 73;НОВОСИБИРСКАЯ ОБЛАСТЬ;НОВОСИБИРСК
630075;НОВОСИБИРСК 75;НОВОСИБИРСКАЯ ОБЛАСТЬ;НОВОСИБИРСК
630077;НОВОСИБИРСК 77;НОВОСИБИРСКАЯ ОБЛАСТЬ;НОВОСИБИРСК
630078;НОВОСИБИРСК 78;НОВОСИБИРСКАЯ ОБЛАСТЬ;НОВОСИБИРСК
630079;НОВОСИБИРСК 79;НОВОСИБИРСКАЯ ОБЛАСТЬ;НОВОСИБИРСК
630080;НОВОСИБИРСК 80;НОВОСИБИРСКАЯ ОБЛАСТЬ;НОВОСИБИРСК
630082;НОВОСИБИРСК 82;НОВОСИБИРСКАЯ ОБЛАСТЬ;НОВОСИБИРСК
630083;НОВОСИБИРСК 83;НОВОСИБИРСКАЯ ОБЛАСТЬ;НОВОСИБИРСК
630084;НОВОСИБИРСК 84;НОВОСИБИРСКАЯ ОБЛАСТЬ;НОВОСИБИРСК
630085;НОВОСИБИРСК 85;НОВОСИБИРСКАЯ ОБЛАСТЬ;НОВОСИБИРСК
630087;НОВОСИБИРСК 87;НОВОСИБИРСКАЯ ОБЛАСТЬ;НОВОСИБИРСК
630088;НОВОСИБИРСК 88;НОВОСИБИРСКАЯ ОБЛАСТЬ;НОВОСИБИРСК
630089;НОВОСИБИРСК 89;НОВОСИБИРСКАЯ ОБЛАСТЬ;НОВОСИБИРСК
630090;НОВОСИБИРСК 90;НОВОСИБИРСКАЯ ОБЛАСТЬ;НОВОСИБИРСК
630091;НОВОСИБИРСК 91;НОВОСИБИРСКАЯ ОБЛАСТЬ;НОВОСИБИРСК
630092;НОВОСИБИРСК 92;НОВОСИБИРСКАЯ ОБЛАСТЬ;НОВОСИБИРСК
630095;НОВОСИБИРСК 95;НОВОСИБИРСКАЯ ОБЛАСТЬ;НОВОСИБИРСК
630096;НОВОСИБИРСК 96;НОВОСИБИРСКАЯ ОБЛАСТЬ;НОВОСИБИРСК
630097;НОВОСИБИРСК 97;НОВОСИБИРСКАЯ ОБЛАСТЬ;НОВОСИБИРСК
630098;НОВОСИБИРСК 98;НОВОСИБИРСКАЯ ОБЛАСТЬ;НОВОСИБИРСК
630099;НОВОСИБИРСК 99;НОВОСИБИРСКАЯ ОБЛАСТЬ;НОВОСИБИРСК
630100;НОВОСИБИРСК 100;НОВОСИБИРСКАЯ ОБЛАСТЬ;НОВОСИБИРСК
630102;НОВОСИБИРСК 102;НОВОСИБИРСКАЯ ОБЛАСТЬ;НОВОСИБИРСК
630104;НОВОСИБИРСК 104;НОВОСИБИРСКАЯ ОБЛАСТЬ;НОВОСИБИРСК
630105;НОВОСИБИРСК 105;НОВОСИБИРСКАЯ ОБЛАСТЬ;НОВОСИБИРСК
630106;НОВОСИБИРСК 106;НОВОСИБИРСКАЯ ОБЛАСТЬ;НОВОСИБИРСК
630107;НОВОСИБИРСК 107;НОВОСИБИРСКАЯ ОБЛАСТЬ;НОВОСИБИРСК
630108;НОВОСИБИРСК 108;НОВОСИБИРСКАЯ ОБЛАСТЬ;НОВОСИБИРСК
630109;НОВОСИБИРСК 109;НОВОСИБИРСКАЯ ОБЛАСТЬ;НОВОСИБИРСК
630110;НОВОСИБИРСК 110;НОВОСИБИРСКАЯ ОБЛАСТЬ;НОВОСИБИРСК
630111;НОВОСИБИРСК 111;НОВОСИБИРСКАЯ ОБЛАСТЬ;НОВОСИБИРСК
630112;НОВОСИБИРСК 112;НОВОСИБИРСКАЯ ОБЛАСТЬ;НОВОСИБИРСК
630114;НОВОСИБИРСК 114;НОВОСИБИРСКАЯ ОБЛАСТЬ;НОВОСИБИРСК
630116;НОВОСИБИРСК 116;НОВОСИБИРСКАЯ ОБЛАСТЬ;НОВОСИБИРСК
630117;НОВОСИБИРСК 117;НОВОСИБИРСКАЯ ОБЛАСТЬ;НОВОСИБИРСК
630119;НОВОСИБИРСК 119;НОВОСИБИРСКАЯ ОБЛАСТЬ;НОВОСИБИРСК
630120;НОВОСИБИРСК 120;НОВОСИБИРСКАЯ ОБЛАСТЬ;НОВОСИБИРСК
630121;НОВОСИБИРСК 121;НОВОСИБИРСКАЯ ОБЛАСТЬ;НОВОСИБИРСК
630123;НОВОСИБИРСК 123;НОВОСИБИРСКАЯ ОБЛАСТЬ;НОВОСИБИРСК
630124;НОВОСИБИРСК 124;НОВОСИБИРСКАЯ ОБЛАСТЬ;НОВОСИБИРСК
630126;НОВОСИБИРСК 126;НОВОСИБИРСКАЯ ОБЛАСТЬ;НОВОСИБИРСК
630127;НОВОСИБИРСК 127 ППС;НОВОСИБИРСКАЯ ОБЛАСТЬ;НОВОСИБИРСК
630128;НОВОСИБИРСК 128;НОВОСИБИРСКАЯ ОБЛАСТЬ;НОВОСИБИРСК
630129;НОВОСИБИРСК 129;НОВОСИБИРСКАЯ ОБЛАСТЬ;НОВОСИБИРСК
630131;НОВОСИБИРСК 131;НОВОСИБИРСКАЯ ОБЛАСТЬ;НОВОСИБИРСК
630132;НОВОСИБИРСК 132;НОВОСИБИРСКАЯ ОБЛАСТЬ;НОВОСИБИРСК
630133;НОВОСИБИРСК 133;НОВОСИБИРСКАЯ ОБЛАСТЬ;НОВОСИБИРСК
630136;НОВОСИБИРСК 136;НОВОСИБИРСКАЯ ОБЛАСТЬ;НОВОСИБИРСК
630200;НОВОСИБИРСК 200;НОВОСИБИРСКАЯ ОБЛАСТЬ;НОВОСИБИРСК
630201;НОВОСИБИРСК 201;НОВОСИБИРСКАЯ ОБЛАСТЬ;НОВОСИБИРСК
630309;НОВОСИБИРСК ЛПЦ УЧ. ТАРЫ;НОВОСИБИРСКАЯ ОБЛАСТЬ;НОВОСИБИРСК
630321;НОВОСИБИРСК ЛПЦ LPS-1-CM;НОВОСИБИРСКАЯ ОБЛАСТЬ;НОВОСИБИРСК
630322;НОВОСИБИРСК ЛПЦ SPS-2-CM;НОВОСИБИРСКАЯ ОБЛАСТЬ;НОВОСИБИРСК
630323;НОВОСИБИРСК ЛПЦ ТТ2000-3-СМ;НОВОСИБИРСКАЯ ОБЛАСТЬ;НОВОСИБИРСК
630536;САДОВЫЙ ППС;НОВОСИБИРСКАЯ ОБЛАСТЬ;НОВОСИБИРСК
630700;УФПС НОВОСИБИРСКОЙ ОБЛАСТИ;НОВОСИБИРСКАЯ ОБЛАСТЬ;НОВОСИБИРСК
630701;СКЛАД №1 УФПС НОВОСИБИРСКОЙ ОБЛАСТИ;НОВОСИБИРСКАЯ ОБЛАСТЬ;НОВОСИБИРСК
630880;НОВОСИБИРСК УКД;НОВОСИБИРСКАЯ ОБЛАСТЬ;НОВОСИБИРСК
630890;НОВОСИБИРСК МСЦ УЧ. ТАРЫ;НОВОСИБИРСКАЯ ОБЛАСТЬ;НОВОСИБИРСК
630895;НОВОСИБИРСК АРХИВ;НОВОСИБИРСКАЯ ОБЛАСТЬ;НОВОСИБИРСК
630897;НОВОСИБИРСК УУЦ;НОВОСИБИРСКАЯ ОБЛАСТЬ;НОВОСИБИРСК
630898;НОВОСИБИРСК ЦЕХ ТНП;НОВОСИБИРСКАЯ ОБЛАСТЬ;НОВОСИБИРСК
630899;НОВОСИБИРСК ПОЧТАМТ УЧ. ТАРЫ;НОВОСИБИРСКАЯ ОБЛАСТЬ;НОВОСИБИРСК
630900;НОВОСИБИРСК;НОВОСИБИРСКАЯ ОБЛАСТЬ;НОВОСИБИРСК
630901;НОВОСИБИРСК;НОВОСИБИРСКАЯ ОБЛАСТЬ;НОВОСИБИРСК
630910;НОВОСИБИРСК ЦП;НОВОСИБИРСКАЯ ОБЛАСТЬ;НОВОСИБИРСК
630911;НОВОСИБИРСК-ДТИ;НОВОСИБИРСКАЯ ОБЛАСТЬ;НОВОСИБИРСК
630912;НОВОСИБИРСК-ДТИ;НОВОСИБИРСКАЯ ОБЛАСТЬ;НОВОСИБИРСК
630913;НОВОСИБИРСК-ДТИ;НОВОСИБИРСКАЯ ОБЛАСТЬ;НОВОСИБИРСК
630914;НОВОСИБИРСК-ДТИ;НОВОСИБИРСКАЯ ОБЛАСТЬ;НОВОСИБИРСК
630915;НОВОСИБИРСК-ДТИ;НОВОСИБИРСКАЯ ОБЛАСТЬ;НОВОСИБИРСК
630916;НОВОСИБИРСК-ДТИ;НОВОСИБИРСКАЯ ОБЛАСТЬ;НОВОСИБИРСК
630917;НОВОСИБИРСК-ДТИ;НОВОСИБИРСКАЯ ОБЛАСТЬ;НОВОСИБИРСК
630918;НОВОСИБИРСК-ДТИ;НОВОСИБИРСКАЯ ОБЛАСТЬ;НОВОСИБИРСК
630919;НОВОСИБИРСК-ДТИ;НОВОСИБИРСКАЯ ОБЛАСТЬ;НОВОСИБИРСК
630931;НОВОСИБИРСК-ДТИ;НОВОСИБИРСКАЯ ОБЛАСТЬ;НОВОСИБИРСК
630960;НОВОСИБИРСК МСЦ;НОВОСИБИРСКАЯ ОБЛАСТЬ;НОВОСИБИРСК
630961;НОВОСИБИРСК МСЦ-1;НОВОСИБИРСКАЯ ОБЛАСТЬ;НОВОСИБИРСК
630962;НОВОСИБИРСК МСЦ УОПП;НОВОСИБИРСКАЯ ОБЛАСТЬ;НОВОСИБИРСК
630964;НОВОСИБИРСК МСЦ ЦОСП;НОВОСИБИРСКАЯ ОБЛАСТЬ;НОВОСИБИРСК
630924;НОВОСИБИРСК ПОЧТАМТ УДПП-4;НОВОСИБИРСКАЯ ОБЛАСТЬ;НОВОСИБИРСК
630925;НОВОСИБИРСК ПОЧТАМТ УДПП-5;НОВОСИБИРСКАЯ ОБЛАСТЬ;НОВОСИБИРСК
630926;НОВОСИБИРСК ПОЧТАМТ УДПП-6;НОВОСИБИРСКАЯ ОБЛАСТЬ;НОВОСИБИРСК
630896;НОВОСИБИРСК КЛАДОВАЯ ХРАНЕНИЯ НЕРОЗДАННЫХ ПО;НОВОСИБИРСКАЯ ОБЛАСТЬ;НОВОСИБИРСК
630922;НОВОСИБИРСК ПОЧТАМТ УДПП-2;НОВОСИБИРСКАЯ ОБЛАСТЬ;НОВОСИБИРСК
630920;НОВОСИБИРСК РЦГП;НОВОСИБИРСКАЯ ОБЛАСТЬ;НОВОСИБИРСК
630971;НОВОСИБИРСК-ДТИ;НОВОСИБИРСКАЯ ОБЛАСТЬ;НОВОСИБИРСК
630972;НОВОСИБИРСК-ДТИ;НОВОСИБИРСКАЯ ОБЛАСТЬ;НОВОСИБИРСК
630973;НОВОСИБИРСК-ДТИ;НОВОСИБИРСКАЯ ОБЛАСТЬ;НОВОСИБИРСК
630974;НОВОСИБИРСК-ДТИ;НОВОСИБИРСКАЯ ОБЛАСТЬ;НОВОСИБИРСК
630975;НОВОСИБИРСК-ДТИ;НОВОСИБИРСКАЯ ОБЛАСТЬ;НОВОСИБИРСК
630976;НОВОСИБИРСК-ДТИ;НОВОСИБИРСКАЯ ОБЛАСТЬ;НОВОСИБИРСК
630977;НОВОСИБИРСК-ДТИ;НОВОСИБИРСКАЯ ОБЛАСТЬ;НОВОСИБИРСК
630978;НОВОСИБИРСК-ДТИ;НОВОСИБИРСКАЯ ОБЛАСТЬ;НОВОСИБИРСК
630979;НОВОСИБИРСК-ДТИ;НОВОСИБИРСКАЯ ОБЛАСТЬ;НОВОСИБИРСК
630991;НОВОСИБИРСК-ДТИ;НОВОСИБИРСКАЯ ОБЛАСТЬ;НОВОСИБИРСК
630992;НОВОСИБИРСК-ДТИ;НОВОСИБИРСКАЯ ОБЛАСТЬ;НОВОСИБИРСК
630993;НОВОСИБИРСК-ДТИ;НОВОСИБИРСКАЯ ОБЛАСТЬ;НОВОСИБИРСК
630994;НОВОСИБИРСК-ДТИ;НОВОСИБИРСКАЯ ОБЛАСТЬ;НОВОСИБИРСК
630995;НОВОСИБИРСК-ДТИ;НОВОСИБИРСКАЯ ОБЛАСТЬ;НОВОСИБИРСК
630996;НОВОСИБИРСК-ДТИ;НОВОСИБИРСКАЯ ОБЛАСТЬ;НОВОСИБИРСК
630997;НОВОСИБИРСК-ДТИ;НОВОСИБИРСКАЯ ОБЛАСТЬ;НОВОСИБИРСК
630998;НОВОСИБИРСК-ДТИ;НОВОСИБИРСКАЯ ОБЛАСТЬ;НОВОСИБИРСК
630932;НОВОСИБИРСК-ДТИ;НОВОСИБИРСКАЯ ОБЛАСТЬ;НОВОСИБИРСК
630933;НОВОСИБИРСК-ДТИ;НОВОСИБИРСКАЯ ОБЛАСТЬ;НОВОСИБИРСК
630150;НОВОСИБИРСК ПВЗ;НОВОСИБИРСКАЯ ОБЛАСТЬ;НОВОСИБИРСК
630921;НОВОСИБИРСК ПОЧТАМТ УДПП-1;НОВОСИБИРСКАЯ ОБЛАСТЬ;НОВОСИБИРСК
630923;НОВОСИБИРСК ПОЧТАМТ УДПП-3;НОВОСИБИРСКАЯ ОБЛАСТЬ;НОВОСИБИРСК
630101;НОВОСИБИРСК 101 ППС;НОВОСИБИРСКАЯ ОБЛАСТЬ;НОВОСИБИРСК
630730;НОВОСИБИРСК АТП;НОВОСИБИРСКАЯ ОБЛАСТЬ;НОВОСИБИРСК
630934;НОВОСИБИРСК-ДТИ;НОВОСИБИРСКАЯ ОБЛАСТЬ;НОВОСИБИРСК
630950;НОВОСИБИРСК АТП;НОВОСИБИРСКАЯ ОБЛАСТЬ;НОВОСИБИРСК
630935;НОВОСИБИРСК-ДТИ;НОВОСИБИРСКАЯ ОБЛАСТЬ;НОВОСИБИРСК
630710;ИВЦ НОВОСИБИРСКОЙ ОБЛАСТИ;НОВОСИБИРСКАЯ ОБЛАСТЬ;НОВОСИБИРСК
630721;НОВОСИБИРСК УОПК;НОВОСИБИРСКАЯ ОБЛАСТЬ;НОВОСИБИРСК
